Workbook

Sheet BaoDamQuanY
A1: TT | B1: Nội dung | C1: Quân số | D1: Dự kiến tỷ lệ TBB
D2: TB | H2: BB | J2: +
D3: %QS | E3: Số người | F3: TBHH | H3: %QS | I3: Số người
F4: %QS | G4: Số người | J4: Người
A5: 1 | B5: Toàn trận | C5: 0 | D5: 0 | E5: =ROUND(C5*D5/100,0) -> 0 | F5: 0 | G5: =ROUND(E5*F5/100,0) -> 0 | H5: 0 | I5: =ROUND(H5*C5/100,0) -> 0 | J5: =E5+I5 -> 0
A6: - | B6: Hướng Chủ yếu | C6: 0 | D6: 0 | E6: =ROUND(C6*D6/100,0) -> 0 | F6: 1 | G6: =ROUND(E6*F6/100,0) -> 0 | H6: 1 | I6: =ROUND(H6*C6/100,0) -> 0 | J6: =E6+I6 -> 0
A7: - | B7: Hướng Thứ Yếu | C7: 0 | D7: 0 | E7: =ROUND(C7*D7/100,0) -> 0 | F7: 2 | G7: =ROUND(E7*F7/100,0) -> 0 | H7: 2 | I7: =ROUND(H7*C7/100,0) -> 0 | J7: =E7+I7 -> 0
A8: - | B8: Dự bị cơ động | C8: 0 | D8: 0 | E8: =ROUND(C8*D8/100,0) -> 0 | F8: 5 | G8: =ROUND(E8*F8/100,0) -> 0 | H8: 5 | I8: =ROUND(H8*C8/100,0) -> 0 | J8: =E8+I8 -> 0
B9: LL còn lại | C9: 0 | D9: 0 | E9: =ROUND(C9*D9/100,0) -> 0 | F9: 6 | G9: =ROUND(E9*F9/100,0) -> 0 | H9: 6 | I9: =ROUND(H9*C9/100,0) -> 0 | J9: =E9+I9 -> 0
A10: 2 | B10: Ngày cao nhất | C10: =C5 -> 0 | D10: 8 | E10: =ROUND(C10*D10/100,0) -> 0

Sheet ChiLenhHCKT
A1: 1. Quy định dự trữ, tiêu thụ, bổ sung vật chất
A2: TT | B2: Đạn, vật chất hậu cần, vật tư kỹ thuật | C2: ĐVT | D2: Quy định dự trữ | E2: Phải có 04.00-N | F2: Phải có SCĐ | G2: Tiêu thụ
G3: GĐCB | H3: GĐCĐ
A4: I | B4: Đạn
A5: 1 | B5: Đạn K51 (SN) | C5: Cơ số | D5: 0 | E5: 0 | F5: 0 | G5: 0 | H5: 0
A6: 2 | B6: Đạn K56 (TL, TrL) | C6: Cơ số | D6: 0 | E6: 0 | F6: 0 | G6: 0 | H6: 0
A7: 3 | B7: Đạn K53 (ĐL) | C7: Cơ số | D7: 0 | E7: 0 | F7: 0 | G7: 0 | H7: 0
A8: 4 | B8: Đạn 12,7 mm | C8: Cơ số | D8: 0 | E8: 0 | F8: 0 | G8: 0 | H8: 0
A9: 5 | B9: Đạn cối 100 mm | C9: Cơ số | D9: 0 | E9: 0 | F9: 0 | G9: 0 | H9: 0
A10: 6 | B10: Đạn cối 82 mm | C10: Cơ số | D10: 0 | E10: 0 | F10: 0 | G10: 0 | H10: 0
A11: 7 | B11: Đạn cối 60 mm | C11: Cơ số | D11: 0 | E11: 0 | F11: 0 | G11: 0 | H11: 0
A12: 8 | B12: Đạn SPG-9 | C12: Cơ số | D12: 0 | E12: 0 | F12: 0 | G12: 0 | H12: 0
A13: 9 | B13: Đạn B41 | C13: Cơ số | D13: 0 | E13: 0 | F13: 0 | G13: 0 | H13: 0
A14: 10 | B14: Lựu đạn | C14: Quả | D14: 0 | E14: 0 | F14: 0 | G14: 0 | H14: 0
A15: II | B15: Vật chất hậu cần | D15: 0 | E15: 0 | F15: 0 | G15: 0 | H15: 0
A16: A | B16: Quân nhu | D16: 0 | E16: 0 | F16: 0 | G16: 0 | H16: 0
A17: 1 | B17: LTTP | C17: Ngày | D17: 0 | E17: 0 | F17: 0 | G17: 0 | H17: 0
A18: 2 | B18: Lương khô | C18: Ngày | D18: 0 | E18: 0 | F18: 0 | G18: 0 | H18: 0
A19: 3 | B19: ĐSTB | C19: %QS | D19: 0 | E19: 0 | F19: 0 | G19: 0 | H19: 0
A20: 4 | B20: QLCĐ | C20: %QS | D20: 0 | E20: 0 | F20: 0 | G20: 0 | H20: 0
A21: 5 | B21: QTCĐ | C21: ,, | D21: 0 | E21: 0 | F21: 0 | G21: 0 | H21: 0
A22: B | B22: Quân y | D22: 0 | E22: 0 | F22: 0 | G22: 0 | H22: 0
A23: 7 | B23: Túi y sỹ | C23: Túi | D23: 0 | E23: 0 | F23: 0 | G23: 0 | H23: 0
A24: 8 | B24: Túi y tá | C24: ,, | D24: 0 | E24: 0 | F24: 0 | G24: 0 | H24: 0
A25: 9 | B25: Túi cứu thương | C25: ,, | D25: 0 | E25: 0 | F25: 0 | G25: 0 | H25: 0
A26: 10 | B26: Băng cá nhân | C26: C/ng | D26: 0 | E26: 0 | F26: 0 | G26: 0 | H26: 0
A27: B | B27: Doanh Trại | D27: 0 | E27: 0 | F27: 0 | G27: 0 | H27: 0
A28: 12 | B28: Dầu thắp | C28: Ngày | D28: 0 | E28: 0 | F28: 0 | G28: 0 | H28: 0
A29: III | B29: Vật tư kỹ thuật | C29: Tấn | D29: 0 | E29: 0 | F29: 0 | G29: 0 | H29: 0
A30: 2. Dự kiến tỉ lệ thương binh, bệnh binh
B31: Tỷ lệ thương binh toàn trận | C31: 20
B32: Tỷ lệ thương binh trung bình ngày đêm
B33: Tỷ lệ thương binh ngày cao nhất | C33: 8
B34: Tỷ lệ thương binh phải càng | C34: 50
B35: Tỷ lệ bệnh binh toàn trận | C35: 1.5
A36: 3. Dự kiến tỉ lệ vũ khí trang bị hư hỏng
B37: SMPK 12,7mm | C37: 8
B38: Súng SPG-9 | C38: 7.5
B39: Súng cối các loại | C39: 9
B40: Súng bộ binh | C40: 2

Sheet PhanCapVCHC
A1: 2. Phân cấp một số loại vật chất hậu cần chủ yếu
A2: TT | B2: Loại Vật chất | C2: ĐVT | D2: Phải có 04.00N | G2: Phải có sau chiến đấu
D3: Kho d | E3: Đơn vị | F3: Tổng | G3: Kho d | H3: Đơn vị | I3: Tổng
A4: I | B4: Vật chất hậu cần
B5: Quân nhu
A6: 1 | B6: Gạo, thực phẩm | C6: Ngày ăn | D6: =F6-E6 -> -5 | E6: 5 | F6: =ChiLenhHCKT!E17 -> 0 | G6: =I6-H6 -> -3 | H6: 3 | I6: =ChiLenhHCKT!F17 -> 0
A7: 2 | B7: Lương khô | C7: ,, | D7: =F7-E7 -> -2 | E7: 2 | F7: =ChiLenhHCKT!E18 -> 0 | G7: =I7-H7 -> -1 | H7: 1 | I7: =ChiLenhHCKT!F18 -> 0
A8: 3 | B8: Đường sữa thương binh | C8: %QS | D8: =F8-E8 -> -11 | E8: 11 | F8: =ChiLenhHCKT!E19 -> 0 | G8: =I8-H8 -> -5 | H8: 5 | I8: =ChiLenhHCKT!F19 -> 0
A9: 4 | B9: Quân lương chiến đấu | C9: %QS | D9: =F9-E9 -> -100 | E9: 100 | F9: =ChiLenhHCKT!E20 -> 0 | G9: =I9-H9 -> -100 | H9: 100 | I9: =ChiLenhHCKT!F20 -> 0
A10: 5 | B10: Quân trang chiến đấu | C10: ,, | D10: =F10-E10 -> -100 | E10: 100 | F10: =ChiLenhHCKT!E21 -> 0 | G10: =I10-H10 -> -100 | H10: 100 | I10: =ChiLenhHCKT!F21 -> 0
B11: Quân y | F11: =ChiLenhHCKT!E22 -> 0 | I11: =ChiLenhHCKT!F22 -> 0
A12: 7 | B12: Túi y sỹ | C12: Túi | D12: =F12-E12 -> -3 | E12: 3 | F12: =ChiLenhHCKT!E23 -> 0 | G12: =I12-H12 -> -1 | H12: 1 | I12: =ChiLenhHCKT!F23 -> 0
A13: 8 | B13: Túi y tá | C13: ,, | D13: =F13-E13 -> -16 | E13: 16 | F13: =ChiLenhHCKT!E24 -> 0 | G13: =I13-H13 -> -6 | H13: 6 | I13: =ChiLenhHCKT!F24 -> 0
A14: 9 | B14: Túi cứu thương | C14: ,, | D14: =F14-E14 -> -23 | E14: 23 | F14: =ChiLenhHCKT!E25 -> 0 | G14: =I14-H14 -> -9 | H14: 9 | I14: =ChiLenhHCKT!F25 -> 0
A15: 10 | B15: Băng cá nhân | C15: C/người | D15: =F15-E15 -> -1 | E15: 1 | F15: =ChiLenhHCKT!E26 -> 0 | G15: =I15-H15 -> -1 | H15: 1 | I15: =ChiLenhHCKT!F26 -> 0
B16: Doanh trại | F16: =ChiLenhHCKT!E27 -> 0 | I16: =ChiLenhHCKT!F27 -> 0
A17: 11 | B17: Dầu thắp | C17: Ngày | D17: =F17-E17 -> -5 | E17: 5 | F17: =ChiLenhHCKT!E28 -> 0 | G17: =I17-H17 -> -3 | H17: 3 | I17: =ChiLenhHCKT!F28 -> 0
A18: II. | B18: Vật tư kỹ thuật | C18: Tấn | D18: =F18-E18 -> -0.1 | E18: 0.1 | F18: =ChiLenhHCKT!E29 -> 0 | G18: =I18-H18 -> -0.1 | H18: 0.1 | I18: =ChiLenhHCKT!F29 -> 0
