Workbook

Sheet QSTBKT
A1: TỔ CHỨC BIÊN CHẾ, TRANG BỊ TIỂU ĐOÀN BỘ BINH PHÒNG NGỰ BỜ BIỂN
A3: LỰC LƯỢNG | B3: QUÂN SỐ | C3: TRANG BỊ KỸ THUẬT | N3: VẬT TỰ KỸ THUẬT
C4: Vũ khí bộ binh | H4: Lựu đạn | I4: Cối | L4: PCT | M4: Pháo PK | N4: ON | O4: ĐB
C5: SN | D5: TL | E5: TrL | F5: ĐL | G5: B41, M79 | I5: 60 | J5: 82 | K5: 100 | L5: SPG9 | M5: 12.7
A6: 1. Trong biên chế | B6: =B7 -> 546 | C6: =C7 -> 22 | D6: =D7 -> 289 | E6: =E7 -> 27 | F6: =F7 -> 6 | G6: =G7 -> 54 | H6: =H7 -> 1444 | I6: =I7 -> 6 | ... O6: =O7 -> 0
A7: dBB | B7: 546 | C7: 22 | D7: 289 | E7: 27 | F7: 6 | G7: 54 | H7: 1444 | I7: 6 | J7: 4 | K7: 0 | L7: 3 | M7: 3
A8: 2. LL phối thuộc | B8: =SUM(B9:B17) -> 455 | C8: =SUM(C9:C17) -> 20 | D8: =SUM(D9:D17) -> 197 | E8: =SUM(E9:E17) -> 9 | F8: =SUM(F9:F17) -> 2 | G8: =SUM(G9:G17) -> 18 | H8: =SUM(H9:H17) -> 959 | I8: =SUM(I9:I17) -> 2 | ... N8: =SUM(N9:N17) -> 0 | O8: =SUM(O9:O18) -> 0
A9: 1 cO100/e | B9: 74 | C9: 4 | D9: 30 | H9: 139 | K9: 4
A10: 1 cSPG-9/e | B10: 69 | C10: 4 | D10: 26 | H10: 130 | L10: 6
A11: 1 cSMPK 12,7mm/e | B11: 82 | C11: 4 | D11: 26 | H11: 156 | M11: 6
A12: 1b VTB/e | B12: 28 | D12: 10 | H12: 56
A13: 1 tổ QY/e | B13: 3 | D13: 3 | H13: 6
A14: 1 bHH/f | B14: 19 | D14: 10 | H14: 50
A15: 1 c CB(-)/e | B15: 66 | C15: 4 | D15: 23 | H15: 70
A16: 1 tổ SC/e | B16: 3 | D16: 1 | H16: 6
A17: cBB7/dBB2 | B17: 111 | C17: 4 | D17: 68 | E17: 9 | F17: 2 | G17: 18 | H17: 346 | I17: 2 | J17: 0 | K17: 0 | L17: 0 | M17: 0
A19: Tổng | B19: =B6+B8 -> 1001 | C19: =C7+C8 -> 42 | D19: =D7+D8 -> 486 | E19: =E7+E8 -> 36 | F19: =F7+F8 -> 8 | G19: =G7+G8 -> 72 | H19: =H7+H8 -> 2403 | I19: =I7+I8 -> 8 | J19: =J7+J8 -> 4 | ... O19: =O7+O8 -> 0
A20: TỔ CHỨC BIÊN CHẾ, TRANG BỊ HƯỚNG CHỦ YẾU
A22: LỰC LƯỢNG | B22: QUÂN SỐ | C22: TRANG BỊ KỸ THUẬT | N22: VẬT TỰ KỸ THUẬT
C23: Vũ khí bộ binh | H23: Lựu đạn | I23: Cối | L23: PCT | M23: Pháo PK | N23: ON | O23: ĐB
C24: SN | D24: TL | E24: TrL | F24: ĐL | G24: B41, M79 | I24: 60 | J24: 82 | K24: 100 | L24: SPG9 | M24: 12.7
A25: 1. Trong biên chế | B25: =B26 -> 111 | C25: =C26 -> 4 | D25: =D26 -> 68 | E25: =E26 -> 9 | F25: =F26 -> 2 | G25: =G26 -> 18 | H25: =H26 -> 346 | I25: =I26 -> 2 | ... O25: =O26 -> 0
A26: cBB1 | B26: 111 | C26: 4 | D26: 68 | E26: 9 | F26: 2 | G26: 18 | H26: 346 | I26: 2 | J26: 0 | K26: 0 | L26: 0 | M26: 0
A27: 2. LL tăng cường | B27: =SUM(B28:B34) -> 197 | C27: =SUM(C28:C34) -> 8 | D27: =SUM(D28:D34) -> 93 | E27: =SUM(E28:E34) -> 6 | F27: =SUM(F28:F34) -> 2 | G27: =SUM(G28:G34) -> 12 | H27: =SUM(H28:H34) -> 500 | I27: =SUM(I28:I34) -> 2 | ... O27: =SUM(O28:O34) -> 0
A28: 1 b SPG-9/e | B28: 29 | D28: 11 | H28: 58 | L28: 3
A29: cCo82(-)/d | B29: 34 | C29: 4 | D29: 17 | H29: 94 | J29: 3
A30: b SMPK 12,7mm/e | B30: 35 | D30: 11 | H30: 70 | M30: 3
A31: cBB2 (-) | B31: 82 | C31: 4 | D31: 48 | E31: 6 | F31: 2 | G31: 12 | H31: =346-102 -> 244 | I31: 2
A32: Y tá/d | B32: 1 | D32: 1 | H32: 2
A33: Nuôi quân/d | B33: 7 | D33: 2 | H33: 14
A34: a VTB | B34: 9 | D34: 3 | H34: 18
A36: Tổng | B36: =B25+B27 -> 308 | C36: =C26+C27 -> 12 | D36: =D26+D27 -> 161 | E36: =E26+E27 -> 15 | F36: =F26+F27 -> 4 | G36: =G26+G27 -> 30 | H36: =H26+H27 -> 846 | I36: =I26+I27 -> 4 | J36: =J26+J27 -> 3 | ... O36: =O26+O27 -> 0
A37: TỔ CHỨC BIÊN CHẾ, TRANG BỊ HƯỚNG THỨ YẾU
A39: LỰC LƯỢNG | B39: QUÂN SỐ | C39: TRANG BỊ KỸ THUẬT | N39: VẬT TỰ KỸ THUẬT
C40: Vũ khí bộ binh | H40: Lựu đạn | I40: Cối | L40: PCT | M40: Pháo PK | N40: ON | O40: ĐB
C41: SN | D41: TL | E41: TrL | F41: ĐL | G41: B41, M79 | I41: 60 | J41: 82 | K41: 100 | L41: SPG9 | M41: 12.7
A42: 1. Trong biên chế | B42: =B43 -> 111 | C42: =C43 -> 4 | D42: =D43 -> 68 | E42: =E43 -> 9 | F42: =F43 -> 2 | G42: =G43 -> 18 | H42: =H43 -> 346 | I42: =I43 -> 2 | ... O42: =O43 -> 0
A43: cBB7 | B43: 111 | C43: 4 | D43: 68 | E43: 9 | F43: 2 | G43: 18 | H43: 346 | I43: 2 | J43: 0 | K43: 0 | L43: 0 | M43: 0 | N43: 0 | O43: 0
A44: 2. LL tăng cường | B44: =SUM(B45:B49) -> 85 | C44: =SUM(C45:C49) -> 0 | D44: =SUM(D45:D49) -> 28 | E44: =SUM(E45:E49) -> 0 | F44: =SUM(F45:F49) -> 0 | G44: =SUM(G45:G49) -> 0 | H44: =SUM(H45:H49) -> 168 | I44: =SUM(I45:I49) -> 0 | ... O44: =SUM(O45:O49) -> 0
A45: 1bSPG9/d | B45: 29 | D45: 11 | H45: 58 | L45: 3
A46: 1bCo82/d | B46: 17 | D46: 5 | H46: 32 | J46: 1
A47: 1bSMPK12,7 | B47: 35 | D47: 11 | H47: 70 | M47: 3
A48: Nuôi quân | B48: 4 | D48: 1 | H48: 8
A51: Tổng | B51: =B42+B44 -> 196 | C51: =C43+C44 -> 4 | D51: =D43+D44 -> 96 | E51: =E43+E44 -> 9 | F51: =F43+F44 -> 2 | G51: =G43+G44 -> 18 | H51: =H43+H44 -> 514 | I51: =I43+I44 -> 2 | J51: =J43+J44 -> 1 | ... O51: =O43+O44 -> 0
A52: TỔ CHỨC BIÊN CHẾ, TRANG BỊ LỰC LƯỢNG PHÒNG NGỰ PHÍA SAU
A54: LỰC LƯỢNG | B54: QUÂN SỐ | C54: TRANG BỊ KỸ THUẬT | N54: VẬT TỰ KỸ THUẬT
C55: Vũ khí bộ binh | H55: Lựu đạn | I55: Cối | L55: PCT | M55: Pháo PK | N55: ON | O55: ĐB
C56: SN | D56: TL | E56: TrL | F56: ĐL | G56: B41, M79 | I56: 60 | J56: 82 | K56: 100 | L56: SPG9 | M56: 12.7
A57: 1. Trong biên chế | B57: =B58 -> 111 | C57: =C58 -> 4 | D57: =D58 -> 68 | E57: =E58 -> 9 | F57: =F58 -> 2 | G57: =G58 -> 18 | H57: =H58 -> 346 | I57: =I58 -> 2 | ... O57: =O58 -> 0
A58: cBB3 | B58: 111 | C58: 4 | D58: 68 | E58: 9 | F58: 2 | G58: 18 | H58: 346 | I58: 2
A59: 2. LL tăng cường | B59: =SUM(B60:B60) -> 2 | C59: =SUM(C60:C60) -> 0 | D59: =SUM(D60:D60) -> 1 | E59: =SUM(E60:E60) -> 0 | F59: =SUM(F60:F60) -> 0 | G59: =SUM(G60:G60) -> 0 | H59: =SUM(H60:H60) -> 4 | I59: =SUM(I60:I60) -> 0 | J59: 0 | K59: =SUM(K60:K60) -> 0 | L59: =SUM(L60:L60) -> 0 | M59: =SUM(M60:M60) -> 0 | N59: =SUM(N60:N60) -> 0 | O59: =SUM(O60:O60) -> 0
A60: Nuôi quân | B60: 2 | D60: 1 | H60: 4
A62: Tổng | B62: =B59+B57 -> 113 | C62: =C59+C57 -> 4 | D62: =D59+D57 -> 69 | E62: =E59+E57 -> 9 | F62: =F59+F57 -> 2 | G62: =G59+G57 -> 18 | H62: =H59+H57 -> 350 | I62: =I59+I57 -> 2 | ... O62: =O59+O57 -> 0
A63: TỔ CHỨC BIÊN CHẾ, TRANG BỊ LỰC LƯỢNG CÒN LẠI
A65: LỰC LƯỢNG | B65: QUÂN SỐ | C65: TRANG BỊ KỸ THUẬT | N65: VẬT TỰ KỸ THUẬT
C66: Vũ khí bộ binh | H66: Lựu đạn | I66: Cối | L66: PCT | M66: Pháo PK | N66: ON | O66: ĐB
C67: SN | D67: TL | E67: TrL | F67: ĐL | G67: B41, M79 | I67: 60 | J67: 82 | K67: 100 | L67: SPG9 | M67: 12.7
A68: 1. Trong biên chế | B68: =B69 -> 104 | C68: =C69 -> 6 | D68: =D69 -> 53 | E68: =E69 -> 0 | F68: =F69 -> 0 | G68: =G69 -> 6 | H68: =H69 -> 208 | I68: =I69 -> 0 | ... O68: =O69 -> 0
A69: Lực lượng còn lại | B69: 104 | C69: 6 | D69: 53 | G69: 6 | H69: 208
A70: 2. Lực lượng tăng cường | B70: =SUM(B71:B80) -> 280 | C70: =SUM(C71:C80) -> 16 | D70: =SUM(D71:D80) -> 107 | E70: =SUM(E71:E80) -> 0 | F70: =SUM(F71:F80) -> 0 | G70: =SUM(G71:G80) -> 0 | H70: =SUM(H71:H80) -> 485 | I70: =SUM(I71:I80) -> 4 | ... O70: =SUM(O71:O80) -> 0
A71: 1cCo100mm/e | B71: 74 | C71: 4 | D71: 30 | E71: 0 | G71: 0 | H71: 139 | I71: 4 | J71: 0 | K71: 0 | L71: 4
A72: 1cSPG-9/e | B72: 40 | C72: 4 | D72: 15 | E72: 0 | G72: 0 | H72: 72 | I72: 0 | J72: 3 | K72: 0
A73: 1cSMPK12,7mm/e | B73: 47 | C73: 4 | D73: 15 | E73: 0 | G73: 0 | H73: 86 | I73: 0 | J73: 0 | K73: 3
A74: 1cCB(-)/e | B74: 66 | C74: 4 | D74: 23 | E74: 0 | G74: 0 | H74: 70 | I74: 0 | J74: 0 | K74: 0
A75: 1bHH/f | B75: 19 | C75: 0 | D75: 10 | E75: 0 | G75: 0 | H75: 50 | I75: 0 | J75: 0 | K75: 0
A76: 1 tổ QY/e | B76: 3 | C76: 0 | D76: 3 | E76: 0 | G76: 0 | H76: 6 | I76: 0 | J76: 0 | K76: 0
A77: 1bVTB/e | B77: 28 | C77: 0 | D77: 10 | E77: 0 | G77: 0 | H77: 56 | I77: 0 | J77: 0 | K77: 0
A78: 1 tổ SC/e | B78: 3 | C78: 0 | D78: 1 | E78: 0 | G78: 0 | H78: 6 | I78: 0 | J78: 0 | K78: 0
A81: Tổng | B81: =B68+B70 -> 384 | C81: =C68+C70 -> 22 | D81: =D68+D70 -> 160 | E81: =E68+E70 -> 0 | F81: =F68+F70 -> 0 | G81: =G68+G70 -> 6 | H81: =H68+H70 -> 693 | I81: =I68+I70 -> 4 | ... O81: =O68+O70 -> 0

Sheet TinhHinhVC
A1: Tình hình đạn, VCHC, VTKT
A2: TT | B2: Loại vật chất | C2: ĐVT | D2: Hiện có | G2: Ghi chú
D3: Kho/d | E3: Đơn vị | F3: +
A4: I | B4: ĐẠN
A5: 1 | B5: Đạn K51 (súng ngắn) | C5: CS/k | D5: 0.15 | E5: 1 | F5: =D5+E5 -> 1.15
A6: 2 | B6: Đạn K56 (súng TL, Tr.L) | C6: ,, | D6: 0.15 | E6: 0.5 | F6: =D6+E6 -> 0.65
A7: 3 | B7: Đạn K53 (súng ĐL) | C7: ,, | D7: 0.15 | E7: 0.5 | F7: =D7+E7 -> 0.65
A8: 4 | B8: Đạn B41 | C8: ,, | D8: 0.15 | E8: 0.33 | F8: =D8+E8 -> 0.48
A9: 5 | B9: Đạn SPG-9 | C9: ,, | D9: 0.1 | E9: 0.2 | F9: =D9+E9 -> 0.3
A10: 6 | B10: Đạn Co60 mm | C10: ,, | D10: 0.1 | E10: 0.1 | F10: =D10+E10 -> 0.2
A11: 7 | B11: Đạn Co82 mm | C11: ,, | D11: 0.1 | E11: 0.1 | F11: =D11+E11 -> 0.2
A12: 8 | B12: Đạn Co100 mm | C12: ,, | D12: 0 | E12: 0 | F12: 0
A13: 9 | B13: Đạn SMPK 12,7 | C13: ,, | D13: 0.15 | E13: 0.3 | F13: =D13+E13 -> 0.45
A14: 10 | B14: Lựu đạn | C14: ,, | D14: 100 | E14: 1444 | F14: =D14+E14 -> 1544
A15: II | B15: VẬT CHẤT HẬU CẦN
A16: A | B16: Quân nhu
A17: 1 | B17: Lương thực, thực phẩm | C17: Ngày ăn | D17: 2 | E17: 3 | F17: =D17+E17 -> 5
A18: 2 | B18: Lương khô | C18: Ngày ăn | D18: 1 | E18: 1 | F18: =D18+E18 -> 2
A19: 3 | B19: Đường sữa thương binh | C19: % QS | D19: 1 | E19: 1 | F19: =D19+E19 -> 2
A20: 4 | B20: Quân lương chiến đấu | C20: %QS | E20: 100 | F20: =D20+E20 -> 100
A21: 5 | B21: Quân trang chiến đấu | C21: ,, | E21: 100 | F21: =D21+E21 -> 100
A22: B | B22: Quân y
A23: 6 | B23: Túi y sỹ | C23: Túi | D23: 1 | E23: 1 | F23: =D23+E23 -> 2
A24: 7 | B24: Túi y tá | C24: ,, | D24: 2 | E24: 5 | F24: =D24+E24 -> 7
A25: 8 | B25: Túi cứu thương | C25: ,, | D25: 1 | E25: 8 | F25: =D25+E25 -> 9
A26: 9 | B26: Băng cá nhân | C26: C/người | E26: 1 | F26: =D26+E26 -> 1
A27: C | B27: Doanh trại
A28: 10 | B28: Dầu thắp | C28: Ngày | D28: 2 | E28: 3 | F28: =D28+E28 -> 5
A29: III | B29: VẬT TƯ KỸ THUẬT
A30: 1 | B30: Vật tư quân khí | C30: Tấn | D30: 0.1 | E30: 0.1 | F30: =D30+E30 -> 0.2

Sheet ChiLenhHCKT
A1: 1. Quy định dự trữ, tiêu thụ, bổ sung vật chất
A2: TT | B2: Đạn, vật chất hậu cần, vật tư kỹ thuật | C2: ĐVT | D2: Quy định dự trữ | E2: Phải có 04.00-N | F2: Phải có SCĐ | G2: Tiêu thụ
G3: GĐCB | H3: GĐCĐ
A4: I | B4: Đạn
A5: 1 | B5: Đạn K51 (SN) | C5: Cơ số | D5: =F5+G5+H5 -> 2.2 | E5: 1.45 | F5: 1.2 | H5: 1
A6: 2 | B6: Đạn K56 (TL, TrL) | C6: Cơ số | D6: =F6+G6+H6 -> 1.7 | E6: 1.45 | F6: 0.7 | H6: 1
A7: 3 | B7: Đạn K53 (ĐL) | C7: Cơ số | D7: =F7+G7+H7 -> 1.7 | E7: 1.45 | F7: 0.7 | H7: 1
A8: 4 | B8: Đạn 12,7 mm | C8: Cơ số | D8: =F8+G8+H8 -> 2.3 | E8: 1.75 | F8: 0.8 | H8: 1.5
A9: 5 | B9: Đạn cối 100 mm | C9: Cơ số | D9: =F9+G9+H9 -> 1.35 | E9: 1 | F9: 0.1 | H9: 1.25
A10: 6 | B10: Đạn cối 82 mm | C10: Cơ số | D10: =F10+G10+H10 -> 1.5 | E10: 1.15 | F10: 0.25 | H10: 1.25
A11: 7 | B11: Đạn cối 60 mm | C11: Cơ số | D11: =F11+G11+H11 -> 1.5 | E11: 1.15 | F11: 0.25 | H11: 1.25
A12: 8 | B12: Đạn SPG-9 | C12: Cơ số | D12: =F12+G12+H12 -> 1.35 | E12: 1.15 | F12: 0.35 | H12: 1
A13: 9 | B13: Đạn B41 | C13: Cơ số | D13: =F13+G13+H13 -> 1.78 | E13: 1.45 | F13: 0.53 | H13: 1.25
A14: 10 | B14: Lựu đạn | C14: Quả | D14: =F14+G14+H14 -> 4103 | E14: 2603 | F14: 2603 | H14: 1500
A15: II | B15: Vật chất hậu cần | D15: =F15+G15+H15 -> 0
A16: A | B16: Quân nhu
A17: 1 | B17: LTTP | C17: Ngày | D17: =F17+G17+H17 -> 19 | E17: 7 | F17: 5 | G17: 5 | H17: 9
A18: 2 | B18: Lương khô | C18: Ngày | D18: =F18+G18+H18 -> 4 | E18: 3 | F18: 2 | G18: 0 | H18: 2
A19: 3 | B19: ĐSTB | C19: %QS | D19: =F19+G19+H19 -> 22 | E19: 13 | F19: 8 | H19: 14
A20: 4 | B20: QLCĐ | C20: %QS | D20: =F20+G20+H20 -> 105 | E20: 105 | F20: 100 | H20: 5
A21: 5 | B21: QTCĐ | C21: ,, | D21: =F21+G21+H21 -> 105 | E21: 105 | F21: 100 | H21: 5
A22: B | B22: Quân y
A23: 7 | B23: Túi y sỹ | C23: Túi | D23: =F23+G23+H23 -> 14 | E23: 4 | F23: 2 | H23: 12
A24: 8 | B24: Túi y tá | C24: ,, | D24: =F24+G24+H24 -> 32 | E24: 18 | F24: 8 | H24: 24
A25: 9 | B25: Túi cứu thương | C25: ,, | D25: =F25+G25+H25 -> 43 | E25: 24 | F25: 10 | H25: 33
A26: 10 | B26: Băng cá nhân | C26: C/ng | D26: =F26+G26+H26 -> 3 | E26: 2 | F26: 2 | H26: 1
A27: B | B27: Doanh Trại
A28: 12 | B28: Dầu thắp | C28: Ngày | D28: =F28+G28+H28 -> 19 | E28: 7 | F28: 5 | G28: 5 | H28: 9
A29: III | B29: Vật tư kỹ thuật | C29: Tấn | D29: =F29+G29+H29 -> 1.1 | E29: 1 | F29: 0.5 | G29: 0.1 | H29: 0.5

Sheet DuKienKLVatChat
A1: 1. Dự kiến khối lượng đạn, VHCH, VTKT
A2: STT | B2: Loại VC | C2: Hiện có | D2: Nhu cầu | E2: Bổ sung
A3: 1 | B3: Đạn, lựu đạn | C3: =Đạn!Q28+Đạn!N28 -> 8.9583008 | D3: =Đạn!D28 -> 43.555226 | E3: =D3-C3 -> 34.596926
A4: 2 | B4: Quân nhu | C4: =VCHCVTKT!P8 -> 11.082058 | D4: =VCHCVTKT!F8 -> 27.976806 | E4: =D4-C4 -> 16.894748
A5: 3 | B5: Quân y | C5: =VCHCVTKT!P14 -> 0.12807 | D5: =VCHCVTKT!F14 -> 0.42214 | E5: =D5-C5 -> 0.29407
A6: 4 | B6: Doanh trại | C6: =VCHCVTKT!P19 -> 0.06825 | D6: =VCHCVTKT!F19 -> 0.31698333 | E6: =D6-C6 -> 0.24873333
A7: 5 | B7: Vật tư kỹ thuật | C7: =VCHCVTKT!P21 -> 0.2 | D7: =VCHCVTKT!F21 -> 1.1 | E7: =D7-C7 -> 0.9
B8: Cộng | C8: =C4+C5+C6+C7+C3 -> 20.436679 | D8: =D4+D5+D6+D7+D3 -> 73.371156 | E8: =E4+E5+E6+E7+E3 -> 52.934477

Sheet PhanCapVCHC
A1: 2. Phân cấp một số loại vật chất hậu cần chủ yếu
A2: TT | B2: Loại Vật chất | C2: ĐVT | D2: Phải có 04.00N | G2: Phải có sau chiến đấu
D3: Kho d | E3: Đơn vị | F3: Tổng | G3: Kho d | H3: Đơn vị | I3: Tổng
A4: I | B4: Vật chất hậu cần
B5: Quân nhu
A6: 1 | B6: Gạo, thực phẩm | C6: Ngày ăn | D6: =F6-E6 -> 2 | E6: 5 | F6: =ChiLenhHCKT!E17 -> 7 | G6: =I6-H6 -> 2 | H6: 3 | I6: =ChiLenhHCKT!F17 -> 5
A7: 2 | B7: Lương khô | C7: ,, | D7: =F7-E7 -> 1 | E7: 2 | F7: =ChiLenhHCKT!E18 -> 3 | G7: =I7-H7 -> 1 | H7: 1 | I7: =ChiLenhHCKT!F18 -> 2
A8: 3 | B8: Đường sữa thương binh | C8: %QS | D8: =F8-E8 -> 2 | E8: 11 | F8: =ChiLenhHCKT!E19 -> 13 | G8: =I8-H8 -> 3 | H8: 5 | I8: =ChiLenhHCKT!F19 -> 8
A9: 4 | B9: Quân lương chiến đấu | C9: %QS | D9: =F9-E9 -> 5 | E9: 100 | F9: =ChiLenhHCKT!E20 -> 105 | G9: =I9-H9 -> 0 | H9: 100 | I9: =ChiLenhHCKT!F20 -> 100
A10: 5 | B10: Quân trang chiến đấu | C10: ,, | D10: =F10-E10 -> 5 | E10: 100 | F10: =ChiLenhHCKT!E21 -> 105 | G10: =I10-H10 -> 0 | H10: 100 | I10: =ChiLenhHCKT!F21 -> 100
B11: Quân y
A12: 7 | B12: Túi y sỹ | C12: Túi | D12: =F12-E12 -> 1 | E12: 3 | F12: =ChiLenhHCKT!E23 -> 4 | G12: =I12-H12 -> 1 | H12: 1 | I12: =ChiLenhHCKT!F23 -> 2
A13: 8 | B13: Túi y tá | C13: ,, | D13: =F13-E13 -> 2 | E13: 16 | F13: =ChiLenhHCKT!E24 -> 18 | G13: =I13-H13 -> 2 | H13: 6 | I13: =ChiLenhHCKT!F24 -> 8
A14: 9 | B14: Túi cứu thương | C14: ,, | D14: =F14-E14 -> 1 | E14: 23 | F14: =ChiLenhHCKT!E25 -> 24 | G14: =I14-H14 -> 1 | H14: 9 | I14: =ChiLenhHCKT!F25 -> 10
A15: 10 | B15: Băng cá nhân | C15: C/người | D15: =F15-E15 -> 1 | E15: 1 | F15: =ChiLenhHCKT!E26 -> 2 | G15: =I15-H15 -> 1 | H15: 1 | I15: =ChiLenhHCKT!F26 -> 2
B16: Doanh trại
A17: 11 | B17: Dầu thắp | C17: Ngày | D17: =F17-E17 -> 2 | E17: 5 | F17: =ChiLenhHCKT!E28 -> 7 | G17: =I17-H17 -> 2 | H17: 3 | I17: =ChiLenhHCKT!F28 -> 5
A18: II. | B18: Vật tư kỹ thuật | C18: Tấn | D18: =F18-E18 -> 0.8 | E18: 0.2 | F18: =ChiLenhHCKT!E29 -> 1 | G18: =I18-H18 -> 0.2 | H18: 0.3 | I18: =ChiLenhHCKT!F29 -> 0.5

Sheet DuKienTiLeTBBB
A1: Nội dung | B1: Quân số | C1: Dự kiến tỷ lệ TBBB | J1: Phân bổ chuyển thương
C2: TB | G2: BB | I2: + | J2: Cáng bộ | K2: Tự đi | L2: Tổng
C3: %QS | D3: SN | E3: TBHH | G3: %QS | H3: SN
E4: %TB | F4: SN
A5: Toàn trận | B5: =QSTBKT!B19 -> 1001 | C5: =ChiLenhHCKT!C31 -> 0 | D5: =ROUND(B5*C5/100,0) -> 0 | E5: 20 | F5: =ROUND(D5*E5/100,0) -> 0 | G5: 0.5 | H5: =ROUND(G5*B5/100,0) -> 5 | I5: =ROUND(D5+H5,0) -> 5 | J5: =ROUNDUP(I5/2,0) -> 3 | K5: =I5-J5 -> 2 | L5: =I5 -> 5
A6: HCY | B6: =QSTBKT!B36 -> 308 | C6: 20 | D6: =ROUND(B6*C6/100,0) -> 62 | E6: 20 | F6: =ROUND(D6*E6/100,0) -> 12 | G6: 0.5 | H6: =ROUND(G6*B6/100,0) -> 2 | I6: =ROUND(D6+H6,0) -> 64 | J6: =ROUNDUP(I6/2,0) -> 32 | K6: =I6-J6 -> 32 | L6: =I6 -> 64
A7: HTY | B7: =QSTBKT!B51 -> 196 | C7: 19 | D7: =ROUND(B7*C7/100,0) -> 37 | E7: 20 | F7: =ROUND(D7*E7/100,0) -> 7 | G7: 0.5 | H7: =ROUND(G7*B7/100,0) -> 1 | I7: =ROUND(D7+H7,0) -> 38 | J7: =ROUNDUP(I7/2,0) -> 19 | K7: =I7-J7 -> 19 | L7: =I7 -> 38
A8: PNPS | B8: =QSTBKT!B62 -> 113 | C8: 17 | D8: =ROUND(B8*C8/100,0) -> 19 | E8: 20 | F8: =ROUND(D8*E8/100,0) -> 4 | G8: 0.5 | H8: =ROUND(G8*B8/100,0) -> 1 | I8: =ROUND(D8+H8,0) -> 20 | J8: =ROUNDUP(I8/2,0) -> 10 | K8: =I8-J8 -> 10 | L8: =I8 -> 20
A9: LLCL | B9: =QSTBKT!B81 -> 384 | C9: =ROUND(D9/B9*100,1) -> -30.7 | D9: =D5-D6-D7-D8 -> -118 | E9: 20 | F9: =ROUND(D9*E9/100,0) -> -24 | G9: 0.5 | H9: =ROUND(G9*B9/100,0) -> 2 | I9: =ROUND(D9+H9,0) -> -116 | J9: =ROUNDUP(I9/2,0) -> -58 | K9: =I9-J9 -> -58 | L9: =I9 -> -116
A10: Ngày cao nhất | B10: =B5 -> 1001 | C10: =ChiLenhHCKT!C33 -> 0 | D10: =ROUND(B10*C10/100,0) -> 0 | E10: 20 | F10: =ROUND(D10*E10/100,0) -> 0 | G10: 0.5 | H10: =ROUND(G10*B10/100,0) -> 5 | I10: =ROUND(D10+H10,0) -> 5 | J10: =ROUNDUP(I10/2,0) -> 3 | K10: =I10-J10 -> 2 | L10: =I10 -> 5

Sheet ToChucLucLuong
A1: TT | B1: Nội dung | C1: Quân số | G1: Vũ khí trang bị kỹ thuật | J1: Phân chia lực lượng
C2: SQ | D2: QNCN | E2: HSQ-BS | F2: + | G2: Vũ khí | H2: Xe-máy | I2: TB khác | J2: Bộ phận HC-KT | L2: Lực lượng tăng cường cho đơn vị
J4: QS | K4: TB | L4: QS | M4: TB
A5: 1 | B5: Phân đội HC-KT | C5: =SUM(C6:C12) -> 2 | D5: =SUM(D6:D12) -> 5 | E5: =SUM(E6:E12) -> 54 | F5: =SUM(F6:F12) -> 61
A6: - | B6: TLHC/d | C6: 1 | F6: =SUM(C6:E6) -> 1
A7: - | B7: NVQK | D7: 1 | F7: =SUM(C7:E7) -> 1
A8: - | B8: NVQN | D8: 1 | F8: =SUM(C8:E8) -> 1
A9: - | B9: NVKT | D9: 1 | F9: =SUM(C9:E9) -> 1
A10: - | B10: QY/d | D10: 1 | E10: 2 | F10: =SUM(C10:E10) -> 3
A11: - | B11: bVTB/d | C11: 1 | E11: 27 | F11: =SUM(C11:E11) -> 28
A12: - | B12: bPV/d | D12: 1 | E12: 25 | F12: =SUM(C12:E12) -> 26
A13: 2 | B13: LL tăng cường | C13: =C14+C15+C16 -> 1 | D13: =D14+D15+D16 -> 4 | E13: =E14+E15+E16 -> 29 | F13: =F14+F15+F16 -> 34
A14: - | B14: QY/e | D14: 1 | E14: 2 | F14: =SUM(C14:E14) -> 3
A15: - | B15: bVTB/e | C15: 1 | E15: 27 | F15: =SUM(C15:E15) -> 28
A16: - | B16: Tổ SC/e | D16: 3 | F16: =SUM(C16:E16) -> 3
A17: (+ thêm dòng)
A18: Cộng | C18: =C13+C5 -> 3 | D18: =D13+D5 -> 9 | E18: =E13+E5 -> 83 | F18: =F13+F5 -> 95 | J18: =J13+J5 -> 0 | K18: =K13+K5 -> 0 | L18: =L13+L5 -> 0 | M18: =M13+M5 -> 0

Sheet Đạn
A1: Phụ lục 14: NHU CẦU, TIÊU THỤ, BỔ SUNG ĐẠN TIỂU ĐOÀN BỘ BINH TIẾN CÔNG ĐỊNH PHÒNG NGỰ RỪNG NÚI (phương án)
A2: Loại VC Các chỉ tiêu | B2: ĐẠN BB NHÓM I | H2: ĐẠN BB NHÓM 2 | O2: ĐẠN PPK | R2: LỰU ĐẠN | U2: Cộng
B3: SN | C3: TL | D3: TrL | E3: ĐL | F3: B41 | G3: + | H3: 60 | I3: 82 | K3: 100 | L3: SPG9 | N3: + | O3: 12.7 | Q3: +
B4: CS | C4: CS | D4: CS | E4: CS | F4: CS | G4: Tấn | H4: CS | I4: CS | K4: CS | L4: CS | N4: Tấn | O4: CS | Q4: Tấn | R4: CS | T4: Tấn
A5: TL 1ĐVT (tấn) | B5: =AI40 -> 0.014112 | C5: =AI39 -> 3.2076 | D5: =AI38 -> 0.4752 | E5: =AI37 -> 0.3168 | F5: =#REF! -> #REF! | H5: =#REF! -> #REF! | I5: =#REF! -> #REF! | K5: =#REF! -> #REF! | L5: =#REF! -> #REF! | O5: =#REF! -> #REF! | R5: =AI41 -> 0.00075 | U5: =G5+N5+Q5+T5 -> 0
A6: Tiểu đoàn | B6: =AO40 -> 0.007392 | C6: =AO39 -> 1.9074 | D6: =AO38 -> 0.3564 | E6: =AO37 -> 0.2376 | F6: =#REF! -> #REF! | H6: =#REF! -> #REF! | I6: =#REF! -> #REF! | K6: =#REF! -> #REF! | L6: =#REF! -> #REF! | O6: =#REF! -> #REF! | R6: =AO41 -> 0.00075 | U6: =G6+N6+Q6+T6 -> 0
A7: Phối thuộc | B7: =AU40 -> 0.00672 | C7: =AU39 -> 1.3002 | D7: =AU38 -> 0.1188 | E7: =AU37 -> 0.0792 | F7: =#REF! -> #REF! | H7: =#REF! -> #REF! | I7: =#REF! -> #REF! | K7: =#REF! -> #REF! | L7: =#REF! -> #REF! | O7: =#REF! -> #REF! | R7: =AU41 -> 0.00075 | U7: =G7+N7+Q7+T7 -> 0
A8: 1. NHU CẦU | B8: =B9+B12 -> 2.25 | C8: =C9+C12 -> 1.75 | D8: =D9+D12 -> 1.75 | E8: =E9+E12 -> 1.75 | F8: =F9+F12 -> 1.58 | G8: =B8*$B$5+C8*$C$5+D8*$D$5+E8*$E$5+F8*$F$5 -> #REF! | H8: =H9+H12 -> 1.6 | I8: =I9+I12 -> 1.6 | K8: =K9+K12 -> 1.6 | L8: =L9+L12 -> 1.7 | N8: =H8*$H$5+I8*$I$5+K8*$K$5+L8*$L$5 -> #REF! | O8: =O9+O12 -> 2.05 | Q8: =O8*$O$5 -> #REF! | R8: =R9+R12 -> 1.75 | T8: =R8*$R$5 -> 0.0013125 | U8: =G8+N8+Q8+T8 -> #REF!
A9: 2. TIÊU THỤ | B9: =SUM(B10:B11) -> 1.25 | C9: =SUM(C10:C11) -> 1.25 | D9: =SUM(D10:D11) -> 1.25 | E9: =SUM(E10:E11) -> 1.25 | F9: =SUM(F10:F11) -> 1.25 | G9: =B9*$B$5+C9*$C$5+D9*$D$5+E9*$E$5+F9*$F$5 -> #REF! | H9: =SUM(H10:H11) -> 1.5 | I9: =SUM(I10:I11) -> 1.5 | K9: =SUM(K10:K11) -> 1.5 | L9: =SUM(L10:L11) -> 1.5 | N9: =H9*$H$5+I9*$I$5+K9*$K$5+L9*$L$5 -> #REF! | O9: =SUM(O10:O11) -> 1.75 | Q9: =O9*$O$5 -> #REF! | R9: =SUM(R10:R11) -> 1.25 | T9: =R9*$R$5 -> 0.0009375 | U9: =G9+N9+Q9+T9 -> #REF!
A10: GĐCB | B10: 0 | C10: 0 | D10: 0 | E10: 0 | F10: 0 | G10: =B10*$B$5+C10*$C$5+D10*$D$5+E10*$E$5+F10*$F$5 -> #REF! | H10: 0 | I10: 0 | K10: 0 | L10: 0 | N10: =H10*$H$5+I10*$I$5+K10*$K$5+L10*$L$5 -> #REF! | O10: 0 | Q10: =O10*$O$5 -> #REF! | R10: 0 | T10: =R10*$R$5 -> 0 | U10: =G10+N10+Q10+T10 -> #REF!
A11: GĐCĐ | B11: 1.25 | C11: 1.25 | D11: 1.25 | E11: 1.25 | F11: 1.25 | G11: =B11*$B$5+C11*$C$5+D11*$D$5+E11*$E$5+F11*$F$5 -> #REF! | H11: 1.5 | I11: 1.5 | K11: 1.5 | L11: 1.5 | N11: =H11*$H$5+I11*$I$5+K11*$K$5+L11*$L$5 -> #REF! | O11: 1.75 | Q11: =O11*$O$5 -> #REF! | R11: 1.25 | T11: =R11*$R$5 -> 0.0009375 | U11: =G11+N11+Q11+T11 -> #REF!
A12: 3. PC SCĐ | B12: 1 | C12: 0.5 | D12: 0.5 | E12: 0.5 | F12: 0.33 | G12: =B12*$B$5+C12*$C$5+D12*$D$5+E12*$E$5+F12*$F$5 -> #REF! | H12: 0.1 | I12: 0.1 | K12: 0.1 | L12: 0.2 | N12: =H12*$H$5+I12*$I$5+K12*$K$5+L12*$L$5 -> #REF! | O12: 0.3 | Q12: =O12*$O$5 -> #REF! | R12: 0.5 | T12: =R12*$R$5 -> 0.000375 | U12: =G12+N12+Q12+T12 -> #REF!
A13: 4. HIỆN CÓ | G13: =G14+G15 -> #REF! | N13: =N14+N15 -> #REF! | Q13: =Q14+Q15 -> #REF! | T13: =T14+T15 -> 0.00075 | U13: =G13+N13+Q13+T13 -> #REF!
A14: Tiểu đoàn | B14: 1 | C14: 0.5 | D14: 0.5 | E14: 0.5 | F14: 0.33 | G14: =B14*$B$6+C14*$C$6+D14*$D$6+E14*$E$6+F14*$F$6 -> #REF! | H14: 0.1 | I14: 0.1 | L14: 0.2 | N14: =H14*$H$6+I14*$I$6+K14*$K$6+L14*$L$6 -> #REF! | O14: 0.3 | Q14: =O14*$O$6 -> #REF! | R14: 0.5 | T14: =R14*$R$6 -> 0.000375 | U14: =G14+N14+Q14+T14 -> #REF!
A15: Phối thuộc | B15: 1 | C15: 0.5 | G15: =B15*$B$7+C15*$C$7+D15*$D$7+E15*$E$7+F15*$F$7 -> #REF! | K15: 0.1 | L15: 0.2 | N15: =H15*$H$7+I15*$I$7+K15*$K$7+L15*$L$7 -> #REF! | O15: 0.3 | Q15: =O15*$O$7 -> #REF! | R15: 0.5 | T15: =R15*$R$7 -> 0.000375 | U15: =G15+N15+Q15+T15 -> #REF!
A16: 5. PC TNS | B16: 1.25 | C16: 1.25 | D16: 1.25 | E16: 1.25 | F16: 1.25 | G16: =B16*$B$5+C16*$C$5+D16*$D$5+E16*$E$5+F16*$F$5 -> #REF! | H16: 1.5 | I16: 1.5 | K16: 1.5 | L16: 1.5 | N16: =H16*$H$5+I16*$I$5+K16*$K$5+L16*$L$5 -> #REF! | O16: 1.75 | Q16: =O16*$O$5 -> #REF! | R16: 1.25 | T16: =R16*$R$5 -> 0.0009375 | U16: =G16+N16+Q16+T16 -> #REF!
A17: 6. BỔ SUNG | G17: =G18+G21 -> #REF! | N17: =N18+N21 -> #REF! | Q17: =Q18+Q21 -> #REF! | T17: =T18+T21 -> 0.0015 | U17: =U8-U13 -> #REF!
A18: a.GĐCB | G18: =G19+G20 -> #REF! | N18: =N19+N20 -> #REF! | Q18: =Q19+Q20 -> #REF! | T18: =T19+T20 -> 0.001125 | U18: =G18+N18+Q18+T18 -> #REF!
A19: Tiểu đoàn | B19: =B16-B14 -> 0.25 | C19: =C16-C14 -> 0.75 | D19: =D16-D14 -> 0.75 | E19: =E16-E14 -> 0.75 | F19: =F16-F14 -> 0.92 | G19: =B19*B6+C19*C6+D19*D6+E19*E6+F19*F6 -> #REF! | H19: =H16-H14 -> 1.4 | I19: =I16-I14 -> 1.4 | L19: =L16-L14 -> 1.3 | N19: =H19*H6+I19*I6+K19*K6+L19*L6 -> #REF! | O19: =O16-O14 -> 1.45 | Q19: =O19*O6 -> #REF! | R19: =R16-R14 -> 0.75 | T19: =R19*R6 -> 0.0005625 | U19: =G19+N19+Q19+T19 -> #REF!
A20: Phối thuộc | B20: =B16-B15 -> 0.25 | C20: =C16-C15 -> 0.75 | G20: =B20*B7+C20*C7 -> 0.97683 | K20: =K16-K15 -> 1.4 | L20: =L16-L15 -> 1.3 | N20: =K20*K7+L20*L7 -> #REF! | O20: =O16-O15 -> 1.45 | Q20: =O20*O7 -> #REF! | R20: =R16-R15 -> 0.75 | T20: =R20*R7 -> 0.0005625 | U20: =G20+N20+Q20+T20 -> #REF!
A21: b. GĐCĐ | B21: =B11+B12-B16 -> 1 | C21: =C11+C12-C16 -> 0.5 | D21: =D11+D12-D16 -> 0.5 | E21: =E11+E12-E16 -> 0.5 | F21: =F11+F12-F16 -> 0.33 | G21: =B21*B5+C21*C5+D21*D5+E21*E5+F21*F5 -> #REF! | H21: =H11+H12-H16 -> 0.1 | I21: =I11+I12-I16 -> 0.1 | K21: =K11+K12-K16 -> 0.1 | L21: =L11+L12-L16 -> 0.2 | N21: =H21*H5+I21*I5+K21*K5+L21*L5 -> #REF! | O21: =O11+O12-O16 -> 0.3 | Q21: =O21*O5 -> #REF! | R21: =R11+R12-R16 -> 0.5 | T21: =R5*R21 -> 0.000375 | U21: =T21+Q21+N21+G21 -> #REF!
A24: Loại đạn | B24: Số lượng VK | C24: Nhu cầu | E24: Tiêu thụ | I24: PC SCĐ | L24: Hiện có | R24: PC TQĐ | U24: Kế hoạch tiếp nhận, bảo đảm
E25: GĐCB | G25: GĐCĐ | L25: ĐV | O25: Kho | U25: Trước nổ súng | AA25: thực hành nổ súng
I26: ĐV | J26: Kho | K26: TL | L26: d | M26: PT | N26: TL | O26: d | P26: PT | Q26: TL | R26: ĐV | S26: Kho | T26: TL | U26: ĐV | X26: Kho
C27: Cơ số | D27: TL | E27: Cơ số | F27: TL | G27: Cơ số | H27: TL | I27: Cơ số | J27: Cơ số | L27: Cơ số | M27: Cơ số | O27: Cơ số | P27: Cơ số | R27: Cơ số | S27: Cơ số | U27: d | V27: PT | W27: TL | X27: d | Y27: PT | Z27: TL | AA27: ĐV | AB27: Kho | AC27: TL | AE27: Toàn trận | AK27: Tiểu đoàn | AQ27: Phối thuộc
A28: Toàn d | D28: =D29+D30+D35+D41 -> 43.555226 | H28: =H29+H30+H35+H41 -> 31.667712 | K28: =K29+K30+K35+K41 -> 11.887514 | N28: =N29+N30+N35+N41 -> 7.431282 | Q28: =Q29+Q30+Q35+Q41 -> 1.5270188 | T28: =T29+T30+T35+T41 -> 34.204382 | W28: =W29+W30+W35+W41 -> 24.584358 | Z28: =Z29+Z30+Z35+Z41 -> 2.6139736 | AC28: =AC29+AC30+AC35+AC41 -> 9.350844 | AF28: Số Khẩu | AG28: Tr.l /1V | AH28: SV/CS | AI28: TL 1CS | AL28: Số Khẩu | AM28: Tr.l /1V | AN28: SV/CS | AO28: TL 1CS | AR28: Số Khẩu | AS28: Tr.l /1V | AT28: SV/CS | AU28: TL 1CS
A29: SMPK 12,7mm | B29: =AF29 -> 9 | C29: =ChiLenhHCKT!D8 -> 2.3 | D29: =C29*AI29 -> 4.2228 | G29: =ChiLenhHCKT!H8 -> 1.5 | H29: =G29*AI29 -> 2.754 | I29: 0.3 | J29: =ChiLenhHCKT!F8-Đạn!I29 -> 0.5 | K29: =(I29+J29)*AI29 -> 1.4688 | L29: =TinhHinhVC!E13 -> 0.3 | M29: 0.3 | N29: =L29*AO29+M29*AU29 -> 0.5508 | O29: =TinhHinhVC!D13 -> 0.15 | Q29: =O29*AO29+P29*AU29 -> 0.0918 | R29: 1.25 | S29: =ChiLenhHCKT!E8-Đạn!R29 -> 0.5 | T29: =(R29+S29)*AI29 -> 3.213 | U29: =E29+R29-L29 -> 0.95 | V29: =E29+R29-M29 -> 0.95 | W29: =U29*AO29+V29*AU29 -> 1.7442 | X29: =E29+S29-O29 -> 0.35 | Y29: =E29+S29-P29 -> 0.5 | Z29: =X29*AO29+Y29*AU29 -> 0.8262 | AA29: =G29+I29-R29 -> 0.55 | AB29: =J29-S29 -> 0 | AC29: =(AA29+AB29)*AI29 -> 1.0098 | AE29: SMPK12,7 | AF29: =QSTBKT!M19 -> 9 | AG29: 0.17 | AH29: 1200 | AI29: =AF29*AG29*AH29/1000 -> 1.836 | AK29: SMPK12,7 | AL29: =QSTBKT!M6 -> 3 | AM29: 0.17 | AN29: 1200 | AO29: 0.612 | AQ29: SMPK12,7 | AR29: =QSTBKT!M8 -> 6 | AS29: 0.17 | AT29: 1200 | AU29: =AR29*AS29*AT29/1000 -> 1.224
A30: Đạn BB nhóm 2 | D30: =D31+D32+D33+D34 -> 20.96625 | H30: =H31+H32+H33+H34 -> 17.835 | K30: =K31+K32+K33+K34 -> 3.13125 | N30: =N31+N32+N33+N34 -> 1.9278 | Q30: =Q31+Q32+Q33+Q34 -> 0.4493 | T30: =T31+T32+T33+T34 -> 16.32885 | W30: =W31+W32+W33+W34 -> 13.2312 | Z30: =Z31+Z32+Z33+Z34 -> 0.72055 | AC30: =AC31+AC32+AC33+AC34 -> 4.6374 | AE30: 1CS Đạn BB N2 | AI30: =AF30*AG30*AH30/1000 -> 0 | AK30: 1CS Đạn BB N2 | AQ30: 1CS Đạn BB N2
A31: Cối 100mm | B31: =AF31 -> 4 | C31: =ChiLenhHCKT!D9 -> 1.35 | D31: =C31*AI31 -> 9.936 | G31: =ChiLenhHCKT!H9 -> 1.25 | H31: =G31*AI31 -> 9.2 | I31: 0.1 | J31: =ChiLenhHCKT!F9-Đạn!I31 -> 0 | K31: =(I31+J31)*AI31 -> 0.736 | L31: =TinhHinhVC!E12 -> 0 | M31: 0.1 | N31: =L31*AO31+M31*AU31 -> 0.736 | O31: =TinhHinhVC!D12 -> 0 | Q31: =O31*AO31+P31*AU31 -> 0 | R31: 1 | S31: =ChiLenhHCKT!E9-Đạn!R31 -> 0 | T31: =(R31+S31)*AI31 -> 7.36 | U31: =E31+R31-L31 -> 1 | V31: =E31+R31-M31 -> 0.9 | W31: =U31*AO31+V31*AU31 -> 6.624 | X31: =E31+S31-O31 -> 0 | Y31: =E31+S31-P31 -> 0 | Z31: =X31*AO31+Y31*AU31 -> 0 | AA31: =G31+I31-R31 -> 0.35 | AB31: =J31-S31 -> 0 | AC31: =(AA31+AB31)*AI31 -> 2.576 | AE31: Co100 | AF31: =QSTBKT!K19 -> 4 | AG31: 23 | AH31: 80 | AI31: =AF31*AG31*AH31/1000 -> 7.36 | AK31: Co100 | AL31: =QSTBKT!K6 -> 0 | AM31: 23 | AN31: 80 | AO31: =AL31*AM31*AN31/1000 -> 0 | AQ31: Co100 | AR31: =QSTBKT!K8 -> 4 | AS31: 23 | AT31: 80 | AU31: =AR31*AS31*AT31/1000 -> 7.36
A32: Cối 82mm | B32: =AF32 -> 4 | C32: =ChiLenhHCKT!D10 -> 1.5 | D32: =C32*AI32 -> 3 | G32: =ChiLenhHCKT!H10 -> 1.25 | H32: =G32*AI32 -> 2.5 | I32: 0.1 | J32: =ChiLenhHCKT!F10-Đạn!I32 -> 0.15 | K32: =(I32+J32)*AI32 -> 0.5 | L32: =TinhHinhVC!E11 -> 0.1 | M32: 0 | N32: =L32*AO32+M32*AU32 -> 0.2 | O32: =TinhHinhVC!D11 -> 0.1 | Q32: =O32*AO32+P32*AU32 -> 0.2 | R32: 1 | S32: =ChiLenhHCKT!E10-Đạn!R32 -> 0.15 | T32: =(R32+S32)*AI32 -> 2.3 | U32: =E32+R32-L32 -> 0.9 | V32: =E32+R32-M32 -> 1 | W32: =U32*AO32+V32*AU32 -> 1.8 | X32: =E32+S32-O32 -> 0.05 | Y32: =E32+S32-P32 -> 0.15 | Z32: =X32*AO32+Y32*AU32 -> 0.1 | AA32: =G32+I32-R32 -> 0.35 | AB32: =J32-S32 -> 0 | AC32: =(AA32+AB32)*AI32 -> 0.7 | AE32: Co82 | AF32: =QSTBKT!J19 -> 4 | AG32: 5 | AH32: 100 | AI32: =AF32*AG32*AH32/1000 -> 2 | AK32: Co82 | AL32: =QSTBKT!J6 -> 4 | AM32: 5 | AN32: 100 | AO32: =AL32*AM32*AN32/1000 -> 2 | AQ32: Co82 | AR32: =QSTBKT!J8 -> 0 | AS32: 5 | AT32: 100 | AU32: =AR32*AS32*AT32/1000 -> 0
A33: Cối 60mm | B33: =AF33 -> 8 | C33: =ChiLenhHCKT!D11 -> 1.5 | D33: =C33*AI33 -> 2.016 | G33: =ChiLenhHCKT!H11 -> 1.25 | H33: =G33*AI33 -> 1.68 | I33: 0.1 | J33: =ChiLenhHCKT!F11-Đạn!I33 -> 0.15 | K33: =(I33+J33)*AI33 -> 0.336 | L33: =TinhHinhVC!E10 -> 0.1 | M33: 0 | N33: =L33*AO33+M33*AU33 -> 0.1008 | O33: =TinhHinhVC!D10 -> 0.1 | Q33: =O33*AO33+P33*AU33 -> 0.1008 | R33: 1 | S33: =ChiLenhHCKT!E11-Đạn!R33 -> 0.15 | T33: =(R33+S33)*AI33 -> 1.5456 | U33: =E33+R33-L33 -> 0.9 | V33: =E33+R33-M33 -> 1 | W33: =U33*AO33+V33*AU33 -> 1.2432 | X33: =E33+S33-O33 -> 0.05 | Y33: =E33+S33-P33 -> 0.15 | Z33: =X33*AO33+Y33*AU33 -> 0.1008 | AA33: =G33+I33-R33 -> 0.35 | AB33: =J33-S33 -> 0 | AC33: =(AA33+AB33)*AI33 -> 0.4704 | AE33: Co60 | AF33: =QSTBKT!I19 -> 8 | AG33: 2.1 | AH33: 80 | AI33: =AF33*AG33*AH33/1000 -> 1.344 | AK33: Co60 | AL33: =QSTBKT!I6 -> 6 | AM33: 2.1 | AN33: 80 | AO33: =AL33*AM33*AN33/1000 -> 1.008 | AQ33: Co60 | AR33: =QSTBKT!I8 -> 2 | AS33: 2.1 | AT33: 80 | AU33: =AR33*AS33*AT33/1000 -> 0.336
A34: Súng SPG-9 | B34: =AF34 -> 9 | C34: =ChiLenhHCKT!D12 -> 1.35 | D34: =C34*AI34 -> 6.01425 | G34: =ChiLenhHCKT!H12 -> 1 | H34: =G34*AI34 -> 4.455 | I34: 0.2 | J34: =ChiLenhHCKT!F12-Đạn!I34 -> 0.15 | K34: =(I34+J34)*AI34 -> 1.55925 | L34: =TinhHinhVC!E9 -> 0.2 | M34: 0.2 | N34: =L34*AO34+M34*AU34 -> 0.891 | O34: =TinhHinhVC!D9 -> 0.1 | Q34: =O34*AO34+P34*AU34 -> 0.1485 | R34: 1 | S34: =ChiLenhHCKT!E12-Đạn!R34 -> 0.15 | T34: =(R34+S34)*AI34 -> 5.12325 | U34: =E34+R34-L34 -> 0.8 | V34: =E34+R34-M34 -> 0.8 | W34: =U34*AO34+V34*AU34 -> 3.564 | X34: =E34+S34-O34 -> 0.05 | Y34: =E34+S34-P34 -> 0.15 | Z34: =X34*AO34+Y34*AU34 -> 0.51975 | AA34: =G34+I34-R34 -> 0.2 | AB34: =J34-S34 -> 0 | AC34: =(AA34+AB34)*AI34 -> 0.891 | AE34: SPG9 | AF34: =QSTBKT!L19 -> 9 | AG34: 16.5 | AH34: 30 | AI34: =AF34*AG34*AH34/1000 -> 4.455 | AK34: SPG9 | AL34: =QSTBKT!L6 -> 3 | AM34: 16.5 | AN34: 30 | AO34: =AL34*AM34*AN34/1000 -> 1.485 | AQ34: SPG9 | AR34: =QSTBKT!L8 -> 6 | AS34: 16.5 | AT34: 30 | AU34: =AR34*AS34*AT34/1000 -> 2.97
A35: Đạn BB nhóm 1 | D35: =D36+D37+D38+D39+D40 -> 15.288926 | H35: =H36+H37+H38+H39+H40 -> 9.953712 | K35: =K36+K37+K38+K39+K40 -> 5.3352144 | N35: =N36+N37+N38+N39+N40 -> 3.150432 | Q35: =Q36+Q37+Q38+Q39+Q40 -> 0.9109188 | T35: =T36+T37+T38+T39+T40 -> 12.710282 | W35: =W36+W37+W38+W39+W40 -> 7.806708 | Z35: =Z36+Z37+Z38+Z39+Z40 -> 0.8422236 | AC35: =AC36+AC37+AC38+AC39+AC40 -> 2.578644 | AE35: 1CS Đạn BB N1 | AI35: =AF35*AG35*AH35/1000 -> 0 | AK35: 1CS Đạn BB N1 | AQ35: 1CS Đạn BB N1
A36: Súng B41 | B36: =AF36 -> 72 | C36: =ChiLenhHCKT!D13 -> 1.78 | D36: =C36*AI36 -> 8.45856 | G36: =ChiLenhHCKT!H13 -> 1.25 | H36: =G36*AI36 -> 5.94 | I36: 0.33 | J36: =ChiLenhHCKT!F13-Đạn!I36 -> 0.2 | K36: =(I36+J36)*AI36 -> 2.51856 | L36: =TinhHinhVC!E8 -> 0.33 | M36: 0 | N36: =L36*AO36+M36*AU36 -> 1.17612 | O36: =TinhHinhVC!D8 -> 0.15 | Q36: =O36*AO36+P36*AU36 -> 0.5346 | R36: 1.25 | S36: =ChiLenhHCKT!E13-Đạn!R36 -> 0.2 | T36: =(R36+S36)*AI36 -> 6.8904 | U36: =E36+R36-L36 -> 0.92 | V36: =E36+R36-M36 -> 1.25 | W36: =U36*AO36+V36*AU36 -> 4.76388 | X36: =E36+S36-O36 -> 0.05 | Y36: =E36+S36-P36 -> 0.2 | Z36: =X36*AO36+Y36*AU36 -> 0.4158 | AA36: =G36+I36-R36 -> 0.33 | AB36: =J36-S36 -> 0 | AC36: =(AA36+AB36)*AI36 -> 1.56816 | AE36: B41,M79 | AF36: =QSTBKT!G19 -> 72 | AG36: 5.5 | AH36: 12 | AI36: =AF36*AG36*AH36/1000 -> 4.752 | AK36: B41,M79 | AL36: =QSTBKT!G6 -> 54 | AM36: 5.5 | AN36: 12 | AO36: =AL36*AM36*AN36/1000 -> 3.564 | AQ36: B41,M79 | AR36: =QSTBKT!G8 -> 18 | AS36: 5.5 | AT36: 12 | AU36: =AR36*AS36*AT36/1000 -> 1.188
A37: Súng đại liên | B37: =AF37 -> 8 | C37: =ChiLenhHCKT!D7 -> 1.7 | D37: =C37*AI37 -> 0.53856 | G37: =ChiLenhHCKT!H7 -> 1 | H37: =G37*AI37 -> 0.3168 | I37: 0.5 | J37: =ChiLenhHCKT!F7-Đạn!I37 -> 0.2 | K37: =(I37+J37)*AI37 -> 0.22176 | L37: =TinhHinhVC!E7 -> 0.5 | M37: 0 | N37: =L37*AO37+M37*AU37 -> 0.1188 | O37: =TinhHinhVC!D7 -> 0.15 | Q37: =O37*AO37+P37*AU37 -> 0.03564 | R37: 1.25 | S37: =ChiLenhHCKT!E7-Đạn!R37 -> 0.2 | T37: =(R37+S37)*AI37 -> 0.45936 | U37: =E37+R37-L37 -> 0.75 | V37: =E37+R37-M37 -> 1.25 | W37: =U37*AO37+V37*AU37 -> 0.2772 | X37: =E37+S37-O37 -> 0.05 | Y37: =E37+S37-P37 -> 0.2 | Z37: =X37*AO37+Y37*AU37 -> 0.02772 | AA37: =G37+I37-R37 -> 0.25 | AB37: =J37-S37 -> 0 | AC37: =(AA37+AB37)*AI37 -> 0.0792 | AE37: ĐL | AF37: =QSTBKT!F19 -> 8 | AG37: 0.033 | AH37: 1200 | AI37: =AF37*AG37*AH37/1000 -> 0.3168 | AK37: ĐL | AL37: =QSTBKT!F6 -> 6 | AM37: 0.033 | AN37: 1200 | AO37: =AL37*AM37*AN37/1000 -> 0.2376 | AQ37: ĐL | AR37: =QSTBKT!F8 -> 2 | AS37: 0.033 | AT37: 1200 | AU37: =AR37*AS37*AT37/1000 -> 0.0792
A38: Súng trung liên | B38: =AF38 -> 36 | C38: =ChiLenhHCKT!D6 -> 1.7 | D38: =C38*AI38 -> 0.80784 | G38: =ChiLenhHCKT!H6 -> 1 | H38: =G38*AI38 -> 0.4752 | I38: 0.5 | J38: =ChiLenhHCKT!F6-Đạn!I38 -> 0.2 | K38: =(I38+J38)*AI38 -> 0.33264 | L38: =TinhHinhVC!E6 -> 0.5 | M38: 0.5 | N38: =L38*AO38+M38*AU38 -> 0.2376 | O38: =TinhHinhVC!D6 -> 0.15 | Q38: =O38*AO38+P38*AU38 -> 0.05346 | R38: 1.25 | S38: =ChiLenhHCKT!E6-Đạn!R38 -> 0.2 | T38: =(R38+S38)*AI38 -> 0.68904 | U38: =E38+R38-L38 -> 0.75 | V38: =E38+R38-M38 -> 0.75 | W38: =U38*AO38+V38*AU38 -> 0.3564 | X38: =E38+S38-O38 -> 0.05 | Y38: =E38+S38-P38 -> 0.2 | Z38: =X38*AO38+Y38*AU38 -> 0.04158 | AA38: =G38+I38-R38 -> 0.25 | AB38: =J38-S38 -> 0 | AC38: =(AA38+AB38)*AI38 -> 0.1188 | AE38: TrL | AF38: =QSTBKT!E19 -> 36 | AG38: 0.022 | AH38: 600 | AI38: =AF38*AG38*AH38/1000 -> 0.4752 | AK38: TrL | AL38: =QSTBKT!E6 -> 27 | AM38: 0.022 | AN38: 600 | AO38: =AL38*AM38*AN38/1000 -> 0.3564 | AQ38: TrL | AR38: =QSTBKT!E8 -> 9 | AS38: 0.022 | AT38: 600 | AU38: =AR38*AS38*AT38/1000 -> 0.1188
A39: Súng tiểu liên | B39: =AF39 -> 486 | C39: =ChiLenhHCKT!D6 -> 1.7 | D39: =C39*AI39 -> 5.45292 | G39: =ChiLenhHCKT!H6 -> 1 | H39: =G39*AI39 -> 3.2076 | I39: 0.5 | J39: =ChiLenhHCKT!F6-Đạn!I39 -> 0.2 | K39: =(I39+J39)*AI39 -> 2.24532 | L39: =TinhHinhVC!E6 -> 0.5 | M39: 0.5 | N39: =L39*AO39+M39*AU39 -> 1.6038 | O39: =TinhHinhVC!D6 -> 0.15 | Q39: =O39*AO39+P39*AU39 -> 0.28611 | R39: 1.25 | S39: =ChiLenhHCKT!E6-Đạn!R39 -> 0.2 | T39: =(R39+S39)*AI39 -> 4.65102 | U39: =E39+R39-L39 -> 0.75 | V39: =E39+R39-M39 -> 0.75 | W39: =U39*AO39+V39*AU39 -> 2.4057 | X39: =E39+S39-O39 -> 0.05 | Y39: =E39+S39-P39 -> 0.2 | Z39: =X39*AO39+Y39*AU39 -> 0.35541 | AA39: =G39+I39-R39 -> 0.25 | AB39: =J39-S39 -> 0 | AC39: =(AA39+AB39)*AI39 -> 0.8019 | AE39: TL | AF39: =QSTBKT!D19 -> 486 | AG39: 0.022 | AH39: 300 | AI39: =AF39*AG39*AH39/1000 -> 3.2076 | AK39: TL | AL39: =QSTBKT!D6 -> 289 | AM39: 0.022 | AN39: 300 | AO39: =AL39*AM39*AN39/1000 -> 1.9074 | AQ39: TL | AR39: =QSTBKT!D8 -> 197 | AS39: 0.022 | AT39: 300 | AU39: =AR39*AS39*AT39/1000 -> 1.3002
A40: Súng ngắn | B40: =AF40 -> 42 | C40: =ChiLenhHCKT!D5 -> 2.2 | D40: =C40*AI40 -> 0.0310464 | G40: =ChiLenhHCKT!H5 -> 1 | H40: =G40*AI40 -> 0.014112 | I40: 1 | J40: =ChiLenhHCKT!F5-Đạn!I40 -> 0.2 | K40: =(I40+J40)*AI40 -> 0.0169344 | L40: =TinhHinhVC!E5 -> 1 | M40: 1 | N40: =L40*AO40+M40*AU40 -> 0.014112 | O40: =TinhHinhVC!D5 -> 0.15 | Q40: =O40*AO40+P40*AU40 -> 0.0011088 | R40: 1.25 | S40: =ChiLenhHCKT!E5-Đạn!R40 -> 0.2 | T40: =(R40+S40)*AI40 -> 0.0204624 | U40: =E40+R40-L40 -> 0.25 | V40: =E40+R40-M40 -> 0.25 | W40: =U40*AO40+V40*AU40 -> 0.003528 | X40: =E40+S40-O40 -> 0.05 | Y40: =E40+S40-P40 -> 0.2 | Z40: =X40*AO40+Y40*AU40 -> 0.0017136 | AA40: =G40+I40-R40 -> 0.75 | AB40: =J40-S40 -> 0 | AC40: =(AA40+AB40)*AI40 -> 0.010584 | AE40: SN | AF40: =QSTBKT!C19 -> 42 | AG40: 0.014 | AH40: 24 | AI40: =AF40*AG40*AH40/1000 -> 0.014112 | AK40: SN | AL40: =QSTBKT!C7 -> 22 | AM40: 0.014 | AN40: 24 | AO40: =AL40*AM40*AN40/1000 -> 0.007392 | AQ40: SN | AR40: =QSTBKT!C8 -> 20 | AS40: 0.014 | AT40: 24 | AU40: =AR40*AS40*AT40/1000 -> 0.00672
A41: Lựu đạn | B41: =AF41 -> 2403 | C41: =ChiLenhHCKT!D14 -> 4103 | D41: =C41*AI41 -> 3.07725 | G41: =ChiLenhHCKT!H14 -> 1500 | H41: =G41*AI41 -> 1.125 | I41: 2403 | J41: =ChiLenhHCKT!F14-Đạn!I41 -> 200 | K41: =(I41+J41)*AI41 -> 1.95225 | L41: =TinhHinhVC!E14 -> 1444 | M41: 959 | N41: =L41*AO41+M41*AU41 -> 1.80225 | O41: =TinhHinhVC!D14 -> 100 | Q41: =O41*AO41+P41*AU41 -> 0.075 | R41: 2403 | S41: =ChiLenhHCKT!E14-Đạn!R41 -> 200 | T41: =(R41+S41)*AI41 -> 1.95225 | U41: =E41+R41-L41 -> 959 | V41: =E41+R41-M41 -> 1444 | W41: =U41*AO41+V41*AU41 -> 1.80225 | X41: =E41+S41-O41 -> 100 | Y41: =E41+S41-P41 -> 200 | Z41: =X41*AO41+Y41*AU41 -> 0.225 | AA41: =G41+I41-R41 -> 1500 | AB41: =J41-S41 -> 0 | AC41: =(AA41+AB41)*AI41 -> 1.125 | AE41: Lựu đạn | AF41: =QSTBKT!H19 -> 2403 | AG41: 0.75 | AI41: =0.75/1000 -> 0.00075 | AK41: Lựu đạn | AL41: =QSTBKT!H6 -> 1444 | AM41: 0.75 | AO41: =0.75/1000 -> 0.00075 | AQ41: Lựu đạn | AR41: =QSTBKT!H8 -> 959 | AS41: 0.75 | AU41: =0.75/1000 -> 0.00075
AE42: HƯỚNG CHỦ YẾU
A43: Hướng chủ yếu | D43: =D44+D45+D50+D56 -> 13.55042 | H43: =H44+H45+H50+H56 -> 9.316032 | K43: =K44+K45+K50+K56 -> 2.699232 | N43: =N44+N45+N50+N56 -> 2.699232 | T43: =T44+T45+T50+T56 -> 9.31029 | W43: =W44+W45+W50+W56 -> 6.611058 | AC43: =AC44+AC45+AC50+AC56 -> 2.704974 | AF43: Số Khẩu | AG43: Tr.l /1V | AH43: SV/CS | AI43: TL 1CS
A44: SMPK 12,7mm | B44: =AF44 -> 3 | C44: =C29 -> 2.3 | D44: =C44*AI44 -> 1.4076 | G44: =G29 -> 1.5 | H44: =G44*AI44 -> 0.918 | I44: =I29 -> 0.3 | J44: - | K44: =I44*AI44 -> 0.1836 | L44: =L29 -> 0.3 | M44: - | N44: =L44*AI44 -> 0.1836 | O44: - | P44: - | Q44: - | R44: =R29 -> 1.25 | S44: - | T44: =R44*AI44 -> 0.765 | U44: =U29 -> 0.95 | V44: - | W44: =U44*AI44 -> 0.5814 | X44: - | Y44: - | Z44: - | AA44: =AA29 -> 0.55 | AB44: - | AC44: =AA44*AI44 -> 0.3366 | AE44: SMPK12,7 | AF44: =QSTBKT!M36 -> 3 | AG44: 0.17 | AH44: 1200 | AI44: =AF44*AG44*AH44/1000 -> 0.612
A45: Đạn BB nhóm 2 | B45: =AF45 -> 0 | D45: =D46+D47+D48+D49 -> 5.26275 | H45: =H46+H47+H48+H49 -> 4.2 | J45: - | K45: =K46+K47+K48+K49 -> 0.5142 | M45: - | N45: =N46+N47+N48+N49 -> 0.5142 | O45: - | P45: - | Q45: - | S45: - | T45: =T46+T47+T48+T49 -> 3.657 | V45: - | W45: =W46+W47+W48+W49 -> 3.1428 | X45: - | Y45: - | Z45: - | AB45: - | AC45: =AC46+AC47+AC48+AC49 -> 1.0572 | AE45: 1CS Đạn BB N2
A46: Cối 100mm | B46: =AF46 -> 0 | C46: =C31 -> 1.35 | D46: =C46*AI46 -> 0 | G46: =G31 -> 1.25 | H46: =G46*AI46 -> 0 | I46: =I31 -> 0.1 | J46: - | K46: =I46*AI46 -> 0 | L46: =L31 -> 0 | M46: - | N46: =L46*AI46 -> 0 | O46: - | P46: - | Q46: - | R46: =R31 -> 1 | S46: - | T46: =R46*AI46 -> 0 | U46: =U31 -> 1 | V46: - | W46: =U46*AI46 -> 0 | X46: - | Y46: - | Z46: - | AA46: =AA31 -> 0.35 | AB46: - | AC46: =AA46*AI46 -> 0 | AE46: Co100 | AF46: =QSTBKT!K36 -> 0 | AG46: 23 | AH46: 80 | AI46: =AH46*AG46*AF46/1000 -> 0
A47: Cối 82mm | B47: =AF47 -> 3 | C47: =C32 -> 1.5 | D47: =C47*AI47 -> 2.25 | G47: =G32 -> 1.25 | H47: =G47*AI47 -> 1.875 | I47: =I32 -> 0.1 | J47: - | K47: =I47*AI47 -> 0.15 | L47: =L32 -> 0.1 | M47: - | N47: =L47*AI47 -> 0.15 | O47: - | P47: - | Q47: - | R47: =R32 -> 1 | S47: - | T47: =R47*AI47 -> 1.5 | U47: =U32 -> 0.9 | V47: - | W47: =U47*AI47 -> 1.35 | X47: - | Y47: - | Z47: - | AA47: =AA32 -> 0.35 | AB47: - | AC47: =AA47*AI47 -> 0.525 | AE47: Co82 | AF47: =QSTBKT!J36 -> 3 | AG47: 5 | AH47: 100 | AI47: =AH47*AG47*AF47/1000 -> 1.5
A48: Cối 60mm | B48: =AF48 -> 4 | C48: =C33 -> 1.5 | D48: =C48*AI48 -> 1.008 | G48: =G33 -> 1.25 | H48: =G48*AI48 -> 0.84 | I48: =I33 -> 0.1 | J48: - | K48: =I48*AI48 -> 0.0672 | L48: =L33 -> 0.1 | M48: - | N48: =L48*AI48 -> 0.0672 | O48: - | P48: - | Q48: - | R48: =R33 -> 1 | S48: - | T48: =R48*AI48 -> 0.672 | U48: =U33 -> 0.9 | V48: - | W48: =U48*AI48 -> 0.6048 | X48: - | Y48: - | Z48: - | AA48: =AA33 -> 0.35 | AB48: - | AC48: =AA48*AI48 -> 0.2352 | AE48: Co60 | AF48: =QSTBKT!I36 -> 4 | AG48: 2.1 | AH48: 80 | AI48: =AH48*AG48*AF48/1000 -> 0.672
A49: Súng SPG-9 | B49: =AF49 -> 3 | C49: =C34 -> 1.35 | D49: =C49*AI49 -> 2.00475 | G49: =G34 -> 1 | H49: =G49*AI49 -> 1.485 | I49: =I34 -> 0.2 | J49: - | K49: =I49*AI49 -> 0.297 | L49: =L34 -> 0.2 | M49: - | N49: =L49*AI49 -> 0.297 | O49: - | P49: - | Q49: - | R49: =R34 -> 1 | S49: - | T49: =R49*AI49 -> 1.485 | U49: =U34 -> 0.8 | V49: - | W49: =U49*AI49 -> 1.188 | X49: - | Y49: - | Z49: - | AA49: =AA34 -> 0.2 | AB49: - | AC49: =AA49*AI49 -> 0.297 | AE49: SPG9 | AF49: =QSTBKT!L36 -> 3 | AG49: 16.5 | AH49: 30 | AI49: =AH49*AG49*AF49/1000 -> 1.485
A50: Đạn BB nhóm 1 | B50: =AF50 -> 0 | D50: =D51+D52+D53+D54+D55 -> 5.9455704 | H50: =H51+H52+H53+H54+H55 -> 3.898032 | J50: - | K50: =K51+K52+K53+K54+K55 -> 1.366932 | M50: - | N50: =N51+N52+N53+N54+N55 -> 1.366932 | O50: - | P50: - | Q50: - | S50: - | T50: =T51+T52+T53+T54+T55 -> 4.25379 | V50: - | W50: =W51+W52+W53+W54+W55 -> 2.886858 | X50: - | Y50: - | Z50: - | AB50: - | AC50: =AC51+AC52+AC53+AC54+AC55 -> 1.011174 | AE50: 1CS Đạn BB N1
A51: Súng B41 | B51: =AF51 -> 30 | C51: =C36 -> 1.78 | D51: =C51*AI51 -> 3.5244 | G51: =G36 -> 1.25 | H51: =G51*AI51 -> 2.475 | I51: =I36 -> 0.33 | J51: - | K51: =I51*AI51 -> 0.6534 | L51: =L36 -> 0.33 | M51: - | N51: =L51*AI51 -> 0.6534 | O51: - | P51: - | Q51: - | R51: =R36 -> 1.25 | S51: - | T51: =R51*AI51 -> 2.475 | U51: =U36 -> 0.92 | V51: - | W51: =U51*AI51 -> 1.8216 | X51: - | Y51: - | Z51: - | AA51: =AA36 -> 0.33 | AB51: - | AC51: =AA51*AI51 -> 0.6534 | AE51: B41,M79 | AF51: =QSTBKT!G36 -> 30 | AG51: 5.5 | AH51: 12 | AI51: =AF51*AG51*AH51/1000 -> 1.98
A52: Súng đại liên | B52: =AF52 -> 4 | C52: =C37 -> 1.7 | D52: =C52*AI52 -> 0.26928 | G52: =G37 -> 1 | H52: =G52*AI52 -> 0.1584 | I52: =I37 -> 0.5 | J52: - | K52: =I52*AI52 -> 0.0792 | L52: =L37 -> 0.5 | M52: - | N52: =L52*AI52 -> 0.0792 | O52: - | P52: - | Q52: - | R52: =R37 -> 1.25 | S52: - | T52: =R52*AI52 -> 0.198 | U52: =U37 -> 0.75 | V52: - | W52: =U52*AI52 -> 0.1188 | X52: - | Y52: - | Z52: - | AA52: =AA37 -> 0.25 | AB52: - | AC52: =AA52*AI52 -> 0.0396 | AE52: ĐL | AF52: =QSTBKT!F36 -> 4 | AG52: 0.033 | AH52: 1200 | AI52: =AF52*AG52*AH52/1000 -> 0.1584
A53: Súng trung liên | B53: =AF53 -> 15 | C53: =C38 -> 1.7 | D53: =C53*AI53 -> 0.3366 | G53: =G38 -> 1 | H53: =G53*AI53 -> 0.198 | I53: =I38 -> 0.5 | J53: - | K53: =I53*AI53 -> 0.099 | L53: =L38 -> 0.5 | M53: - | N53: =L53*AI53 -> 0.099 | O53: - | P53: - | Q53: - | R53: =R38 -> 1.25 | S53: - | T53: =R53*AI53 -> 0.2475 | U53: =U38 -> 0.75 | V53: - | W53: =U53*AI53 -> 0.1485 | X53: - | Y53: - | Z53: - | AA53: =AA38 -> 0.25 | AB53: - | AC53: =AA53*AI53 -> 0.0495 | AE53: TrL | AF53: =QSTBKT!E36 -> 15 | AG53: 0.022 | AH53: 600 | AI53: =AF53*AG53*AH53/1000 -> 0.198
A54: Súng tiểu liên | B54: =AF54 -> 161 | C54: =C39 -> 1.7 | D54: =C54*AI54 -> 1.80642 | G54: =G39 -> 1 | H54: =G54*AI54 -> 1.0626 | I54: =I39 -> 0.5 | J54: - | K54: =I54*AI54 -> 0.5313 | L54: =L39 -> 0.5 | M54: - | N54: =L54*AI54 -> 0.5313 | O54: - | P54: - | Q54: - | R54: =R39 -> 1.25 | S54: - | T54: =R54*AI54 -> 1.32825 | U54: =U39 -> 0.75 | V54: - | W54: =U54*AI54 -> 0.79695 | X54: - | Y54: - | Z54: - | AA54: =AA39 -> 0.25 | AB54: - | AC54: =AA54*AI54 -> 0.26565 | AE54: TL | AF54: =QSTBKT!D36 -> 161 | AG54: 0.022 | AH54: 300 | AI54: =AF54*AG54*AH54/1000 -> 1.0626
A55: Súng ngắn | B55: =AF55 -> 12 | C55: =C40 -> 2.2 | D55: =C55*AI55 -> 0.0088704 | G55: =G40 -> 1 | H55: =G55*AI55 -> 0.004032 | I55: =I40 -> 1 | J55: - | K55: =I55*AI55 -> 0.004032 | L55: =L40 -> 1 | M55: - | N55: =L55*AI55 -> 0.004032 | O55: - | P55: - | Q55: - | R55: =R40 -> 1.25 | S55: - | T55: =R55*AI55 -> 0.00504 | U55: =U40 -> 0.25 | V55: - | W55: =U55*AI55 -> 0.001008 | X55: - | Y55: - | Z55: - | AA55: =AA40 -> 0.75 | AB55: - | AC55: =AA55*AI55 -> 0.003024 | AE55: SN | AF55: =QSTBKT!C36 -> 12 | AG55: 0.014 | AH55: 24 | AI55: =AF55*AG55*AH55/1000 -> 0.004032
A56: Lựu đạn | B56: =AF56 -> 846 | C56: =E56+G56+I56 -> 1246 | D56: =C56*AI56 -> 0.9345 | G56: 400 | H56: =G56*AI56 -> 0.3 | I56: 846 | J56: - | K56: =I56*AI56 -> 0.6345 | L56: 846 | M56: - | N56: =L56*AI56 -> 0.6345 | O56: - | P56: - | Q56: - | R56: 846 | S56: - | T56: =R56*AI56 -> 0.6345 | U56: =E56+R56-L56 -> 0 | V56: - | W56: =U56*AI56 -> 0 | X56: - | Y56: - | Z56: - | AA56: =I56+G56-R56 -> 400 | AB56: - | AC56: =AA56*AI56 -> 0.3 | AE56: Lựu đạn | AF56: =QSTBKT!H36 -> 846 | AG56: 0.75 | AI56: =0.75/1000 -> 0.00075
AE57: HƯỚNG THỨ YẾU
A58: Hướng thứ yếu | D58: =D59+D60+D65+D71 -> 8.8081668 | H58: =H59+H60+H65+H71 -> 5.990944 | K58: =K59+K60+K65+K71 -> 1.758884 | N58: =N59+N60+N65+N71 -> 1.758884 | T58: =T59+T60+T65+T71 -> 5.99768 | W58: =W59+W60+W65+W71 -> 4.238796 | AC58: =AC59+AC60+AC65+AC71 -> 1.752148 | AF58: Số Khẩu | AG58: Tr.l /1V | AH58: SV/CS | AI58: TL 1CS
A59: SMPK 12,7mm | B59: =AF59 -> 3 | C59: =C44 -> 2.3 | D59: =C59*AI59 -> 1.4076 | G59: =G44 -> 1.5 | H59: =G59*AI59 -> 0.918 | I59: =I44 -> 0.3 | J59: - | K59: =I59*AI59 -> 0.1836 | L59: =L44 -> 0.3 | M59: - | N59: =L59*AI59 -> 0.1836 | O59: - | P59: - | Q59: - | R59: =R44 -> 1.25 | S59: - | T59: =R59*AI59 -> 0.765 | U59: =U44 -> 0.95 | V59: - | W59: =U59*AI59 -> 0.5814 | X59: - | Y59: - | Z59: - | AA59: =AA44 -> 0.55 | AB59: - | AC59: =AA59*AI59 -> 0.3366 | AE59: SMPK12,7 | AF59: =QSTBKT!M51 -> 3 | AG59: 0.17 | AH59: 1200 | AI59: =AF59*AG59*AH59/1000 -> 0.612
A60: Đạn BB nhóm 2 | C60: =C45 -> 0 | D60: =D61+D62+D63+D64 -> 3.25875 | H60: =H61+H62+H63+H64 -> 2.53 | J60: - | K60: =K61+K62+K63+K64 -> 0.3806 | M60: - | N60: =N61+N62+N63+N64 -> 0.3806 | O60: - | P60: - | Q60: - | S60: - | T60: =T61+T62+T63+T64 -> 2.321 | V60: - | W60: =W61+W62+W63+W64 -> 1.9404 | X60: - | Y60: - | Z60: - | AB60: - | AC60: =AC61+AC62+AC63+AC64 -> 0.5896 | AE60: 1CS Đạn BB N2
A61: Cối 100mm | B61: =AF64 -> 3 | C61: =C46 -> 1.35 | D61: =C61*AI61 -> 0 | G61: =G46 -> 1.25 | H61: =G61*AI61 -> 0 | I61: =I46 -> 0.1 | J61: - | K61: =I61*AI61 -> 0 | L61: =L46 -> 0 | M61: - | N61: =L61*AI61 -> 0 | O61: - | P61: - | Q61: - | R61: =R46 -> 1 | S61: - | T61: =R61*AI61 -> 0 | U61: =U46 -> 1 | V61: - | W61: =U61*AI61 -> 0 | X61: - | Y61: - | Z61: - | AA61: =AA46 -> 0.35 | AB61: - | AC61: =AA61*AI61 -> 0 | AE61: Co100 | AF61: =QSTBKT!K51 -> 0 | AG61: 23 | AH61: 80 | AI61: =AH61*AG61*AF61/1000 -> 0
A62: Cối 82mm | B62: =AF61 -> 0 | C62: =C47 -> 1.5 | D62: =C62*AI62 -> 0.75 | G62: =G47 -> 1.25 | H62: =G62*AI62 -> 0.625 | I62: =I47 -> 0.1 | J62: - | K62: =I62*AI62 -> 0.05 | L62: =L47 -> 0.1 | M62: - | N62: =L62*AI62 -> 0.05 | O62: - | P62: - | Q62: - | R62: =R47 -> 1 | S62: - | T62: =R62*AI62 -> 0.5 | U62: =U47 -> 0.9 | V62: - | W62: =U62*AI62 -> 0.45 | X62: - | Y62: - | Z62: - | AA62: =AA47 -> 0.35 | AB62: - | AC62: =AA62*AI62 -> 0.175 | AE62: Co82 | AF62: =QSTBKT!J51 -> 1 | AG62: 5 | AH62: 100 | AI62: =AH62*AG62*AF62/1000 -> 0.5
A63: Cối 60mm | B63: =AF62 -> 1 | C63: =C48 -> 1.5 | D63: =C63*AI63 -> 0.504 | G63: =G48 -> 1.25 | H63: =G63*AI63 -> 0.42 | I63: =I48 -> 0.1 | J63: - | K63: =I63*AI63 -> 0.0336 | L63: =L48 -> 0.1 | M63: - | N63: =L63*AI63 -> 0.0336 | O63: - | P63: - | Q63: - | R63: =R48 -> 1 | S63: - | T63: =R63*AI63 -> 0.336 | U63: =U48 -> 0.9 | V63: - | W63: =U63*AI63 -> 0.3024 | X63: - | Y63: - | Z63: - | AA63: =AA48 -> 0.35 | AB63: - | AC63: =AA63*AI63 -> 0.1176 | AE63: Co60 | AF63: =QSTBKT!I51 -> 2 | AG63: 2.1 | AH63: 80 | AI63: =AH63*AG63*AF63/1000 -> 0.336
A64: Súng SPG-9 | B64: =AF63 -> 2 | C64: =C49 -> 1.35 | D64: =C64*AI64 -> 2.00475 | G64: =G49 -> 1 | H64: =G64*AI64 -> 1.485 | I64: =I49 -> 0.2 | J64: - | K64: =I64*AI64 -> 0.297 | L64: =L49 -> 0.2 | M64: - | N64: =L64*AI64 -> 0.297 | O64: - | P64: - | Q64: - | R64: =R49 -> 1 | S64: - | T64: =R64*AI64 -> 1.485 | U64: =U49 -> 0.8 | V64: - | W64: =U64*AI64 -> 1.188 | X64: - | Y64: - | Z64: - | AA64: =AA49 -> 0.2 | AB64: - | AC64: =AA64*AI64 -> 0.297 | AE64: SPG9 | AF64: =QSTBKT!L51 -> 3 | AG64: 16.5 | AH64: 30 | AI64: =AH64*AG64*AF64/1000 -> 1.485
A65: Đạn BB nhóm 1 | D65: =D66+D67+D68+D69+D70 -> 3.5313168 | H65: =H66+H67+H68+H69+H70 -> 2.317944 | J65: - | K65: =K66+K67+K68+K69+K70 -> 0.809184 | M65: - | N65: =N66+N67+N68+N69+N70 -> 0.809184 | O65: - | P65: - | Q65: - | S65: - | T65: =T66+T67+T68+T69+T70 -> 2.52618 | V65: - | W65: =W66+W67+W68+W69+W70 -> 1.716996 | X65: - | Y65: - | Z65: - | AB65: - | AC65: =AC66+AC67+AC68+AC69+AC70 -> 0.600948 | AE65: 1CS Đạn BB N1
A66: Súng B41 | B66: =AF66 -> 18 | C66: =C51 -> 1.78 | D66: =C66*AI66 -> 2.11464 | G66: =G51 -> 1.25 | H66: =G66*AI66 -> 1.485 | I66: =I51 -> 0.33 | J66: - | K66: =I66*AI66 -> 0.39204 | L66: =L51 -> 0.33 | M66: - | N66: =L66*AI66 -> 0.39204 | O66: - | P66: - | Q66: - | R66: =R51 -> 1.25 | S66: - | T66: =R66*AI66 -> 1.485 | U66: =U51 -> 0.92 | V66: - | W66: =U66*AI66 -> 1.09296 | X66: - | Y66: - | Z66: - | AA66: =AA51 -> 0.33 | AB66: - | AC66: =AA66*AI66 -> 0.39204 | AE66: B41,M79 | AF66: =QSTBKT!G51 -> 18 | AG66: 5.5 | AH66: 12 | AI66: =AF66*AG66*AH66/1000 -> 1.188
A67: Súng đại liên | B67: =AF67 -> 2 | C67: =C52 -> 1.7 | D67: =C67*AI67 -> 0.13464 | G67: =G52 -> 1 | H67: =G67*AI67 -> 0.0792 | I67: =I52 -> 0.5 | J67: - | K67: =I67*AI67 -> 0.0396 | L67: =L52 -> 0.5 | M67: - | N67: =L67*AI67 -> 0.0396 | O67: - | P67: - | Q67: - | R67: =R52 -> 1.25 | S67: - | T67: =R67*AI67 -> 0.099 | U67: =U52 -> 0.75 | V67: - | W67: =U67*AI67 -> 0.0594 | X67: - | Y67: - | Z67: - | AA67: =AA52 -> 0.25 | AB67: - | AC67: =AA67*AI67 -> 0.0198 | AE67: ĐL | AF67: =QSTBKT!F51 -> 2 | AG67: 0.033 | AH67: 1200 | AI67: =AF67*AG67*AH67/1000 -> 0.0792
A68: Súng trung liên | B68: =AF68 -> 9 | C68: =C53 -> 1.7 | D68: =C68*AI68 -> 0.20196 | G68: =G53 -> 1 | H68: =G68*AI68 -> 0.1188 | I68: =I53 -> 0.5 | J68: - | K68: =I68*AI68 -> 0.0594 | L68: =L53 -> 0.5 | M68: - | N68: =L68*AI68 -> 0.0594 | O68: - | P68: - | Q68: - | R68: =R53 -> 1.25 | S68: - | T68: =R68*AI68 -> 0.1485 | U68: =U53 -> 0.75 | V68: - | W68: =U68*AI68 -> 0.0891 | X68: - | Y68: - | Z68: - | AA68: =AA53 -> 0.25 | AB68: - | AC68: =AA68*AI68 -> 0.0297 | AE68: TrL | AF68: =QSTBKT!E51 -> 9 | AG68: 0.022 | AH68: 600 | AI68: =AF68*AG68*AH68/1000 -> 0.1188
A69: Súng tiểu liên | B69: =AF69 -> 96 | C69: =C54 -> 1.7 | D69: =C69*AI69 -> 1.07712 | G69: =G54 -> 1 | H69: =G69*AI69 -> 0.6336 | I69: =I54 -> 0.5 | J69: - | K69: =I69*AI69 -> 0.3168 | L69: =L54 -> 0.5 | M69: - | N69: =L69*AI69 -> 0.3168 | O69: - | P69: - | Q69: - | R69: =R54 -> 1.25 | S69: - | T69: =R69*AI69 -> 0.792 | U69: =U54 -> 0.75 | V69: - | W69: =U69*AI69 -> 0.4752 | X69: - | Y69: - | Z69: - | AA69: =AA54 -> 0.25 | AB69: - | AC69: =AA69*AI69 -> 0.1584 | AE69: TL | AF69: =QSTBKT!D51 -> 96 | AG69: 0.022 | AH69: 300 | AI69: =AF69*AG69*AH69/1000 -> 0.6336
A70: Súng ngắn | B70: =AF70 -> 4 | C70: =C55 -> 2.2 | D70: =C70*AI70 -> 0.0029568 | G70: =G55 -> 1 | H70: =G70*AI70 -> 0.001344 | I70: =I55 -> 1 | J70: - | K70: =I70*AI70 -> 0.001344 | L70: =L55 -> 1 | M70: - | N70: =L70*AI70 -> 0.001344 | O70: - | P70: - | Q70: - | R70: =R55 -> 1.25 | S70: - | T70: =R70*AI70 -> 0.00168 | U70: =U55 -> 0.25 | V70: - | W70: =U70*AI70 -> 0.000336 | X70: - | Y70: - | Z70: - | AA70: =AA55 -> 0.75 | AB70: - | AC70: =AA70*AI70 -> 0.001008 | AE70: SN | AF70: =QSTBKT!C51 -> 4 | AG70: 0.014 | AH70: 24 | AI70: =AF70*AG70*AH70/1000 -> 0.001344
A71: Lựu đạn | B71: =AF71 -> 514 | C71: =E71+G71+I71 -> 814 | D71: =C71*AI71 -> 0.6105 | G71: 300 | H71: =G71*AI71 -> 0.225 | I71: 514 | J71: - | K71: =I71*AI71 -> 0.3855 | L71: 514 | M71: - | N71: =L71*AI71 -> 0.3855 | O71: - | P71: - | Q71: - | R71: 514 | S71: - | T71: =R71*AI71 -> 0.3855 | U71: =E71+R71-L71 -> 0 | V71: - | W71: =U71*AI71 -> 0 | X71: - | Y71: - | Z71: - | AA71: =I71+G71-R71 -> 300 | AB71: - | AC71: =AA71*AI71 -> 0.225 | AE71: Lựu đạn | AF71: =QSTBKT!H51 -> 514 | AG71: 0.75 | AI71: =0.75/1000 -> 0.00075
AE72: LỰC LƯỢNG PNPS
A73: BP PNPS | D73: =D74+D75+D80+D86 -> 4.1448768 | H73: =H74+H75+H80+H86 -> 2.709744 | K73: =K74+K75+K80+K86 -> 1.016184 | N73: =N74+N75+N80+N86 -> 1.016184 | T73: =T74+T75+T80+T86 -> 2.90193 | W73: =W74+W75+W80+W86 -> 1.885746 | AC73: =AC74+AC75+AC80+AC86 -> 0.823998 | AF73: Số Khẩu | AG73: Tr.l /1V | AH73: SV/CS | AI73: TL 1CS
A74: SMPK 12,7mm | B74: =AF74 -> 0 | C74: =C59 -> 2.3 | D74: =C74*AI74 -> 0 | G74: =G59 -> 1.5 | H74: =G74*AI74 -> 0 | I74: =I59 -> 0.3 | J74: - | K74: =I74*AI74 -> 0 | L74: =L59 -> 0.3 | M74: - | N74: =L74*AI74 -> 0 | O74: - | P74: - | Q74: - | R74: =R59 -> 1.25 | S74: - | T74: =R74*AI74 -> 0 | U74: =U59 -> 0.95 | V74: - | W74: =U74*AI74 -> 0 | X74: - | Y74: - | Z74: - | AA74: =AA59 -> 0.55 | AB74: - | AC74: =AA74*AI74 -> 0 | AE74: SMPK12,7 | AF74: =QSTBKT!M62 -> 0 | AG74: 0.17 | AH74: 1200 | AI74: =AF74*AG74*AH74/1000 -> 0
A75: Đạn BB nhóm 2 | D75: =D76+D77+D78+D79 -> 0.504 | H75: =H76+H77+H78+H79 -> 0.42 | J75: - | K75: =K76+K77+K78+K79 -> 0.0336 | M75: - | N75: =N76+N77+N78+N79 -> 0.0336 | O75: - | P75: - | Q75: - | S75: - | T75: =T76+T77+T78+T79 -> 0.336 | V75: - | W75: =W76+W77+W78+W79 -> 0.3024 | X75: - | Y75: - | Z75: - | AB75: - | AC75: =AC76+AC77+AC78+AC79 -> 0.1176 | AE75: 1CS Đạn BB N2
A76: Cối 100mm | B76: =AF79 -> 0 | C76: =C61 -> 1.35 | D76: =C76*AI76 -> 0 | G76: =G61 -> 1.25 | H76: =G76*AI76 -> 0 | I76: =I61 -> 0.1 | J76: - | K76: =I76*AI76 -> 0 | L76: =L61 -> 0 | M76: - | N76: =L76*AI76 -> 0 | O76: - | P76: - | Q76: - | R76: =R61 -> 1 | S76: - | T76: =R76*AI76 -> 0 | U76: =U61 -> 1 | V76: - | W76: =U76*AI76 -> 0 | X76: - | Y76: - | Z76: - | AA76: =AA61 -> 0.35 | AB76: - | AC76: =AA76*AI76 -> 0 | AE76: Co100 | AF76: =QSTBKT!K62 -> 0 | AG76: 23 | AH76: 80 | AI76: =AH76*AG76*AF76/1000 -> 0
A77: Cối 82mm | B77: =AF76 -> 0 | C77: =C62 -> 1.5 | D77: =C77*AI77 -> 0 | G77: =G62 -> 1.25 | H77: =G77*AI77 -> 0 | I77: =I62 -> 0.1 | J77: - | K77: =I77*AI77 -> 0 | L77: =L62 -> 0.1 | M77: - | N77: =L77*AI77 -> 0 | O77: - | P77: - | Q77: - | R77: =R62 -> 1 | S77: - | T77: =R77*AI77 -> 0 | U77: =U62 -> 0.9 | V77: - | W77: =U77*AI77 -> 0 | X77: - | Y77: - | Z77: - | AA77: =AA62 -> 0.35 | AB77: - | AC77: =AA77*AI77 -> 0 | AE77: Co82 | AF77: =QSTBKT!J62 -> 0 | AG77: 5 | AH77: 100 | AI77: =AH77*AG77*AF77/1000 -> 0
A78: Cối 60mm | B78: =AF77 -> 0 | C78: =C63 -> 1.5 | D78: =C78*AI78 -> 0.504 | G78: =G63 -> 1.25 | H78: =G78*AI78 -> 0.42 | I78: =I63 -> 0.1 | J78: - | K78: =I78*AI78 -> 0.0336 | L78: =L63 -> 0.1 | M78: - | N78: =L78*AI78 -> 0.0336 | O78: - | P78: - | Q78: - | R78: =R63 -> 1 | S78: - | T78: =R78*AI78 -> 0.336 | U78: =U63 -> 0.9 | V78: - | W78: =U78*AI78 -> 0.3024 | X78: - | Y78: - | Z78: - | AA78: =AA63 -> 0.35 | AB78: - | AC78: =AA78*AI78 -> 0.1176 | AE78: Co60 | AF78: =QSTBKT!I62 -> 2 | AG78: 2.1 | AH78: 80 | AI78: =AH78*AG78*AF78/1000 -> 0.336
A79: Súng SPG-9 | B79: =AF78 -> 2 | C79: =C64 -> 1.35 | D79: =C79*AI79 -> 0 | G79: =G64 -> 1 | H79: =G79*AI79 -> 0 | I79: =I64 -> 0.2 | J79: - | K79: =I79*AI79 -> 0 | L79: =L64 -> 0.2 | M79: - | N79: =L79*AI79 -> 0 | O79: - | P79: - | Q79: - | R79: =R64 -> 1 | S79: - | T79: =R79*AI79 -> 0 | U79: =U64 -> 0.8 | V79: - | W79: =U79*AI79 -> 0 | X79: - | Y79: - | Z79: - | AA79: =AA64 -> 0.2 | AB79: - | AC79: =AA79*AI79 -> 0 | AE79: SPG9 | AF79: =QSTBKT!L62 -> 0 | AG79: 16.5 | AH79: 30 | AI79: =AH79*AG79*AF79/1000 -> 0
A80: Đạn BB nhóm 1 | D80: =D81+D82+D83+D84+D85 -> 3.2283768 | H80: =H81+H82+H83+H84+H85 -> 2.139744 | J80: - | K80: =K81+K82+K83+K84+K85 -> 0.720084 | M80: - | N80: =N81+N82+N83+N84+N85 -> 0.720084 | O80: - | P80: - | Q80: - | S80: - | T80: =T81+T82+T83+T84+T85 -> 2.30343 | V80: - | W80: =W81+W82+W83+W84+W85 -> 1.583346 | X80: - | Y80: - | Z80: - | AB80: - | AC80: =AC81+AC82+AC83+AC84+AC85 -> 0.556398 | AE80: 1CS Đạn BB N1
A81: Súng B41 | B81: =AF81 -> 18 | C81: =C66 -> 1.78 | D81: =C81*AI81 -> 2.11464 | G81: =G66 -> 1.25 | H81: =G81*AI81 -> 1.485 | I81: =I66 -> 0.33 | J81: - | K81: =I81*AI81 -> 0.39204 | L81: =L66 -> 0.33 | M81: - | N81: =L81*AI81 -> 0.39204 | O81: - | P81: - | Q81: - | R81: =R66 -> 1.25 | S81: - | T81: =R81*AI81 -> 1.485 | U81: =U66 -> 0.92 | V81: - | W81: =U81*AI81 -> 1.09296 | X81: - | Y81: - | Z81: - | AA81: =AA66 -> 0.33 | AB81: - | AC81: =AA81*AI81 -> 0.39204 | AE81: B41,M79 | AF81: =QSTBKT!G62 -> 18 | AG81: 5.5 | AH81: 12 | AI81: =AF81*AG81*AH81/1000 -> 1.188
A82: Súng đại liên | B82: =AF82 -> 2 | C82: =C67 -> 1.7 | D82: =C82*AI82 -> 0.13464 | G82: =G67 -> 1 | H82: =G82*AI82 -> 0.0792 | I82: =I67 -> 0.5 | J82: - | K82: =I82*AI82 -> 0.0396 | L82: =L67 -> 0.5 | M82: - | N82: =L82*AI82 -> 0.0396 | O82: - | P82: - | Q82: - | R82: =R67 -> 1.25 | S82: - | T82: =R82*AI82 -> 0.099 | U82: =U67 -> 0.75 | V82: - | W82: =U82*AI82 -> 0.0594 | X82: - | Y82: - | Z82: - | AA82: =AA67 -> 0.25 | AB82: - | AC82: =AA82*AI82 -> 0.0198 | AE82: ĐL | AF82: =QSTBKT!F62 -> 2 | AG82: 0.033 | AH82: 1200 | AI82: =AF82*AG82*AH82/1000 -> 0.0792
A83: Súng trung liên | B83: =AF83 -> 9 | C83: =C68 -> 1.7 | D83: =C83*AI83 -> 0.20196 | G83: =G68 -> 1 | H83: =G83*AI83 -> 0.1188 | I83: =I68 -> 0.5 | J83: - | K83: =I83*AI83 -> 0.0594 | L83: =L68 -> 0.5 | M83: - | N83: =L83*AI83 -> 0.0594 | O83: - | P83: - | Q83: - | R83: =R68 -> 1.25 | S83: - | T83: =R83*AI83 -> 0.1485 | U83: =U68 -> 0.75 | V83: - | W83: =U83*AI83 -> 0.0891 | X83: - | Y83: - | Z83: - | AA83: =AA68 -> 0.25 | AB83: - | AC83: =AA83*AI83 -> 0.0297 | AE83: TrL | AF83: =QSTBKT!E62 -> 9 | AG83: 0.022 | AH83: 600 | AI83: =AF83*AG83*AH83/1000 -> 0.1188
A84: Súng tiểu liên | B84: =AF84 -> 69 | C84: =C69 -> 1.7 | D84: =C84*AI84 -> 0.77418 | G84: =G69 -> 1 | H84: =G84*AI84 -> 0.4554 | I84: =I69 -> 0.5 | J84: - | K84: =I84*AI84 -> 0.2277 | L84: =L69 -> 0.5 | M84: - | N84: =L84*AI84 -> 0.2277 | O84: - | P84: - | Q84: - | R84: =R69 -> 1.25 | S84: - | T84: =R84*AI84 -> 0.56925 | U84: =U69 -> 0.75 | V84: - | W84: =U84*AI84 -> 0.34155 | X84: - | Y84: - | Z84: - | AA84: =AA69 -> 0.25 | AB84: - | AC84: =AA84*AI84 -> 0.11385 | AE84: TL | AF84: =QSTBKT!D62 -> 69 | AG84: 0.022 | AH84: 300 | AI84: =AF84*AG84*AH84/1000 -> 0.4554
A85: Súng ngắn | B85: =AF85 -> 4 | C85: =C70 -> 2.2 | D85: =C85*AI85 -> 0.0029568 | G85: =G70 -> 1 | H85: =G85*AI85 -> 0.001344 | I85: =I70 -> 1 | J85: - | K85: =I85*AI85 -> 0.001344 | L85: =L70 -> 1 | M85: - | N85: =L85*AI85 -> 0.001344 | O85: - | P85: - | Q85: - | R85: =R70 -> 1.25 | S85: - | T85: =R85*AI85 -> 0.00168 | U85: =U70 -> 0.25 | V85: - | W85: =U85*AI85 -> 0.000336 | X85: - | Y85: - | Z85: - | AA85: =AA70 -> 0.75 | AB85: - | AC85: =AA85*AI85 -> 0.001008 | AE85: SN | AF85: =QSTBKT!C62 -> 4 | AG85: 0.014 | AH85: 24 | AI85: =AF85*AG85*AH85/1000 -> 0.001344
A86: Lựu đạn | B86: =AF86 -> 350 | C86: =E86+G86+I86 -> 550 | D86: =C86*AI86 -> 0.4125 | G86: 200 | H86: =G86*AI86 -> 0.15 | I86: 350 | J86: - | K86: =I86*AI86 -> 0.2625 | L86: 350 | M86: - | N86: =L86*AI86 -> 0.2625 | O86: - | P86: - | Q86: - | R86: 350 | S86: - | T86: =R86*AI86 -> 0.2625 | U86: =E86+R86-L86 -> 0 | V86: - | W86: =U86*AI86 -> 0 | X86: - | Y86: - | Z86: - | AA86: =I86+G86-R86 -> 200 | AB86: - | AC86: =AA86*AI86 -> 0.15 | AE86: Lựu đạn | AF86: =QSTBKT!H62 -> 350 | AG86: 0.75 | AI86: =0.75/1000 -> 0.00075
AE87: LỰC LƯỢNG CÒN LẠI
A88: LL còn lại | D88: =D28-D43-D58-D73 -> 17.051762 | H88: =H28-H43-H58-H73 -> 13.650992 | K88: =K28-K43-K58-K73 -> 6.4132144 | N88: =N28-N43-N58-N73 -> 1.956982 | Q88: =Q28-Q43-Q58-Q73 -> 1.5270188 | T88: =T28-T43-T58-T73 -> 15.994482 | W88: =W28-W43-W58-W73 -> 11.848758 | Z88: =Z28-Z43-Z58-Z73 -> 2.6139736 | AC88: =AC28-AC43-AC58-AC73 -> 4.069724 | AF88: Số Khẩu | AG88: Tr.l /1V | AH88: SV/CS | AI88: TL 1CS
A89: SMPK 12,7mm | B89: =AF89 -> 0 | C89: =C74 -> 2.3 | D89: =D29-D44-D59-D74 -> 1.4076 | G89: =G74 -> 1.5 | H89: =H29-H44-H59-H74 -> 0.918 | I89: =I74 -> 0.3 | J89: =J29 -> 0.5 | K89: =K29-K44-K59-K74 -> 1.1016 | L89: =L74 -> 0.3 | M89: =M29 -> 0.3 | N89: =N29-N44-N59-N74 -> 0.1836 | O89: =O29 -> 0.15 | P89: =P29 -> 0 | Q89: =Q29 -> 0.0918 | R89: =R74 -> 1.25 | S89: =S29 -> 0.5 | T89: =T29-T44-T59-T74 -> 1.683 | U89: =U74 -> 0.95 | V89: =V29 -> 0.95 | W89: =W29-W44-W59-W74 -> 0.5814 | X89: =X29 -> 0.35 | Y89: =Y29 -> 0.5 | Z89: =Z29 -> 0.8262 | AA89: =AA74 -> 0.55 | AB89: =AB29 -> 0 | AC89: =AC29-AC44-AC59-AC74 -> 0.3366 | AE89: SMPK12,7 | AF89: =QSTBKT!M81 -> 0 | AG89: 0.17 | AH89: 1200 | AI89: =AF89*AG89*AH89/1000 -> 0
A90: Đạn BB nhóm 2 | D90: =D30-D45-D60-D75 -> 11.94075 | H90: =H30-H45-H60-H75 -> 10.685 | K90: =K30-K45-K60-K75 -> 2.20285 | N90: =N30-N45-N60-N75 -> 0.9994 | Q90: =Q30 -> 0.4493 | T90: =T30-T45-T60-T75 -> 10.01485 | W90: =W30-W45-W60-W75 -> 7.8456 | Z90: =Z30 -> 0.72055 | AC90: =AC30-AC45-AC60-AC75 -> 2.873 | AE90: 1CS Đạn BB N2
A91: Cối 100mm | B91: =AF94 -> 4 | C91: =C76 -> 1.35 | D91: =D31-D46-D61-D76 -> 9.936 | G91: =G76 -> 1.25 | H91: =H31-H46-H61-H76 -> 9.2 | I91: =I76 -> 0.1 | J91: =J31 -> 0 | K91: =K31-K46-K61-K76 -> 0.736 | L91: =L76 -> 0 | M91: =M31 -> 0.1 | N91: =N31-N46-N61-N76 -> 0.736 | O91: =O31 -> 0 | P91: =P31 -> 0 | Q91: =Q31 -> 0 | R91: =R76 -> 1 | S91: =S31 -> 0 | T91: =T31-T46-T61-T76 -> 7.36 | U91: =U76 -> 1 | V91: =V31 -> 0.9 | W91: =W31-W46-W61-W76 -> 6.624 | X91: =X31 -> 0 | Y91: =Y31 -> 0 | Z91: =Z31 -> 0 | AA91: =AA76 -> 0.35 | AB91: =AB31 -> 0 | AC91: =AC31-AC46-AC61-AC76 -> 2.576 | AE91: Co100 | AF91: =QSTBKT!K81 -> 3 | AG91: 23 | AH91: 80 | AI91: =AH91*AG91*AF91/1000 -> 5.52
A92: Cối 82mm | B92: =AF91 -> 3 | C92: =C77 -> 1.5 | D92: =D32-D47-D62-D77 -> 0 | G92: =G77 -> 1.25 | H92: =H32-H47-H62-H77 -> 0 | I92: =I77 -> 0.1 | J92: =J32 -> 0.15 | K92: =K32-K47-K62-K77 -> 0.3 | L92: =L77 -> 0.1 | M92: =M32 -> 0 | N92: =N32-N47-N62-N77 -> -1.3877788e-17 | O92: =O32 -> 0.1 | P92: =P32 -> 0 | Q92: =Q32 -> 0.2 | R92: =R77 -> 1 | S92: =S32 -> 0.15 | T92: =T32-T47-T62-T77 -> 0.3 | U92: =U77 -> 0.9 | V92: =V32 -> 1 | W92: =W32-W47-W62-W77 -> -5.5511151e-17 | X92: =X32 -> 0.05 | Y92: =Y32 -> 0.15 | Z92: =Z32 -> 0.1 | AA92: =AA77 -> 0.35 | AB92: =AB32 -> 0 | AC92: =AC32-AC47-AC62-AC77 -> 0 | AE92: Co82 | AF92: =QSTBKT!J81 -> 3 | AG92: 5 | AH92: 100 | AI92: =AH92*AG92*AF92/1000 -> 1.5
A93: Cối 60mm | B93: =AF92 -> 3 | C93: =C78 -> 1.5 | D93: =D33-D48-D63-D78 -> 0 | G93: =G78 -> 1.25 | H93: =H33-H48-H63-H78 -> 0 | I93: =I78 -> 0.1 | J93: =J33 -> 0.15 | K93: =K33-K48-K63-K78 -> 0.2016 | L93: =L78 -> 0.1 | M93: =M33 -> 0 | N93: =N33-N48-N63-N78 -> -0.0336 | O93: =O33 -> 0.1 | P93: =P33 -> 0 | Q93: =Q33 -> 0.1008 | R93: =R78 -> 1 | S93: =S33 -> 0.15 | T93: =T33-T48-T63-T78 -> 0.2016 | U93: =U78 -> 0.9 | V93: =V33 -> 1 | W93: =W33-W48-W63-W78 -> 0.0336 | X93: =X33 -> 0.05 | Y93: =Y33 -> 0.15 | Z93: =Z33 -> 0.1008 | AA93: =AA78 -> 0.35 | AB93: =AB33 -> 0 | AC93: =AC33-AC48-AC63-AC78 -> 0 | AE93: Co60 | AF93: =QSTBKT!I81 -> 4 | AG93: 2.1 | AH93: 80 | AI93: =AH93*AG93*AF93/1000 -> 0.672
A94: Súng SPG-9 | B94: =AF93 -> 4 | C94: =C79 -> 1.35 | D94: =D34-D49-D64-D79 -> 2.00475 | G94: =G79 -> 1 | H94: =H34-H49-H64-H79 -> 1.485 | I94: =I79 -> 0.2 | J94: =J34 -> 0.15 | K94: =K34-K49-K64-K79 -> 0.96525 | L94: =L79 -> 0.2 | M94: =M34 -> 0.2 | N94: =N34-N49-N64-N79 -> 0.297 | O94: =O34 -> 0.1 | P94: =P34 -> 0 | Q94: =Q34 -> 0.1485 | R94: =R79 -> 1 | S94: =S34 -> 0.15 | T94: =T34-T49-T64-T79 -> 2.15325 | U94: =U79 -> 0.8 | V94: =V34 -> 0.8 | W94: =W34-W49-W64-W79 -> 1.188 | X94: =X34 -> 0.05 | Y94: =Y34 -> 0.15 | Z94: =Z34 -> 0.51975 | AA94: =AA79 -> 0.2 | AB94: =AB34 -> 0 | AC94: =AC34-AC49-AC64-AC79 -> 0.297 | AE94: SPG9 | AF94: =QSTBKT!L81 -> 4 | AG94: 16.5 | AH94: 30 | AI94: =AH94*AG94*AF94/1000 -> 1.98
A95: Đạn BB nhóm 1 | D95: =D35-D50-D65-D80 -> 2.5836624 | H95: =H35-H50-H65-H80 -> 1.597992 | K95: =K35-K50-K65-K80 -> 2.4390144 | N95: =N35-N50-N65-N80 -> 0.254232 | Q95: =Q35 -> 0.9109188 | T95: =T35-T50-T65-T80 -> 3.6268824 | W95: =W35-W50-W65-W80 -> 1.619508 | Z95: =Z35 -> 0.8422236 | AC95: =AC35-AC50-AC65-AC80 -> 0.410124 | AE95: 1CS Đạn BB N1
A96: Súng B41 | B96: =AF96 -> 6 | C96: =C81 -> 1.78 | D96: =D36-D51-D66-D81 -> 0.70488 | G96: =G81 -> 1.25 | H96: =H36-H51-H66-H81 -> 0.495 | I96: =I81 -> 0.33 | J96: =J36 -> 0.2 | K96: =K36-K51-K66-K81 -> 1.08108 | L96: =L81 -> 0.33 | M96: =M36 -> 0 | N96: =N36-N51-N66-N81 -> -0.26136 | O96: =O36 -> 0.15 | P96: =P36 -> 0 | Q96: =Q36 -> 0.5346 | R96: =R81 -> 1.25 | S96: =S36 -> 0.2 | T96: =T36-T51-T66-T81 -> 1.4454 | U96: =U81 -> 0.92 | V96: =V36 -> 1.25 | W96: =W36-W51-W66-W81 -> 0.75636 | X96: =X36 -> 0.05 | Y96: =Y36 -> 0.2 | Z96: =Z36 -> 0.4158 | AA96: =AA81 -> 0.33 | AB96: =AB36 -> 0 | AC96: =AC36-AC51-AC66-AC81 -> 0.13068 | AE96: B41,M79 | AF96: =QSTBKT!G81 -> 6 | AG96: 5.5 | AH96: 12 | AI96: =AF96*AG96*AH96/1000 -> 0.396
A97: Súng đại liên | B97: =AF97 -> 0 | C97: =C82 -> 1.7 | D97: =D37-D52-D67-D82 -> 0 | G97: =G82 -> 1 | H97: =H37-H52-H67-H82 -> 0 | I97: =I82 -> 0.5 | J97: =J37 -> 0.2 | K97: =K37-K52-K67-K82 -> 0.06336 | L97: =L82 -> 0.5 | M97: =M37 -> 0 | N97: =N37-N52-N67-N82 -> -0.0396 | O97: =O37 -> 0.15 | P97: =P37 -> 0 | Q97: =Q37 -> 0.03564 | R97: =R82 -> 1.25 | S97: =S37 -> 0.2 | T97: =T37-T52-T67-T82 -> 0.06336 | U97: =U82 -> 0.75 | V97: =V37 -> 1.25 | W97: =W37-W52-W67-W82 -> 0.0396 | X97: =X37 -> 0.05 | Y97: =Y37 -> 0.2 | Z97: =Z37 -> 0.02772 | AA97: =AA82 -> 0.25 | AB97: =AB37 -> 0 | AC97: =AC37-AC52-AC67-AC82 -> 0 | AE97: ĐL | AF97: =QSTBKT!F81 -> 0 | AG97: 0.033 | AH97: 1200 | AI97: =AF97*AG97*AH97/1000 -> 0
A98: Súng trung liên | B98: =AF98 -> 0 | C98: =C83 -> 1.7 | D98: =D38-D53-D68-D83 -> 0.06732 | G98: =G83 -> 1 | H98: =H38-H53-H68-H83 -> 0.0396 | I98: =I83 -> 0.5 | J98: =J38 -> 0.2 | K98: =K38-K53-K68-K83 -> 0.11484 | L98: =L83 -> 0.5 | M98: =M38 -> 0.5 | N98: =N38-N53-N68-N83 -> 0.0198 | O98: =O38 -> 0.15 | P98: =P38 -> 0 | Q98: =Q38 -> 0.05346 | R98: =R83 -> 1.25 | S98: =S38 -> 0.2 | T98: =T38-T53-T68-T83 -> 0.14454 | U98: =U83 -> 0.75 | V98: =V38 -> 0.75 | W98: =W38-W53-W68-W83 -> 0.0297 | X98: =X38 -> 0.05 | Y98: =Y38 -> 0.2 | Z98: =Z38 -> 0.04158 | AA98: =AA83 -> 0.25 | AB98: =AB38 -> 0 | AC98: =AC38-AC53-AC68-AC83 -> 0.0099 | AE98: TrL | AF98: =QSTBKT!E81 -> 0 | AG98: 0.022 | AH98: 600 | AI98: =AF98*AG98*AH98/1000 -> 0
A99: Súng tiểu liên | B99: =AF99 -> 160 | C99: =C84 -> 1.7 | D99: =D39-D54-D69-D84 -> 1.7952 | G99: =G84 -> 1 | H99: =H39-H54-H69-H84 -> 1.056 | I99: =I84 -> 0.5 | J99: =J39 -> 0.2 | K99: =K39-K54-K69-K84 -> 1.16952 | L99: =L84 -> 0.5 | M99: =M39 -> 0.5 | N99: =N39-N54-N69-N84 -> 0.528 | O99: =O39 -> 0.15 | P99: =P39 -> 0 | Q99: =Q39 -> 0.28611 | R99: =R84 -> 1.25 | S99: =S39 -> 0.2 | T99: =T39-T54-T69-T84 -> 1.96152 | U99: =U84 -> 0.75 | V99: =V39 -> 0.75 | W99: =W39-W54-W69-W84 -> 0.792 | X99: =X39 -> 0.05 | Y99: =Y39 -> 0.2 | Z99: =Z39 -> 0.35541 | AA99: =AA84 -> 0.25 | AB99: =AB39 -> 0 | AC99: =AC39-AC54-AC69-AC84 -> 0.264 | AE99: TL | AF99: =QSTBKT!D81 -> 160 | AG99: 0.022 | AH99: 300 | AI99: =AF99*AG99*AH99/1000 -> 1.056
A100: Súng ngắn | B100: =AF100 -> 22 | C100: =C85 -> 2.2 | D100: =D40-D55-D70-D85 -> 0.0162624 | G100: =G85 -> 1 | H100: =H40-H55-H70-H85 -> 0.007392 | I100: =I85 -> 1 | J100: =J40 -> 0.2 | K100: =K40-K55-K70-K85 -> 0.0102144 | L100: =L85 -> 1 | M100: =M40 -> 1 | N100: =N40-N55-N70-N85 -> 0.007392 | O100: =O40 -> 0.15 | P100: =P40 -> 0 | Q100: =Q40 -> 0.0011088 | R100: =R85 -> 1.25 | S100: =S40 -> 0.2 | T100: =T40-T55-T70-T85 -> 0.0120624 | U100: =U85 -> 0.25 | V100: =V40 -> 0.25 | W100: =W40-W55-W70-W85 -> 0.001848 | X100: =X40 -> 0.05 | Y100: =Y40 -> 0.2 | Z100: =Z40 -> 0.0017136 | AA100: =AA85 -> 0.75 | AB100: =AB40 -> 0 | AC100: =AC40-AC55-AC70-AC85 -> 0.005544 | AE100: SN | AF100: =QSTBKT!C81 -> 22 | AG100: 0.014 | AH100: 24 | AI100: =AF100*AG100*AH100/1000 -> 0.007392
A101: Lựu đạn | B101: =AF101 -> 693 | C101: =E101+G101+I101 -> 1293 | D101: =D41-D56-D71-D86 -> 1.11975 | G101: 600 | H101: =H41-H56-H71-H86 -> 0.45 | I101: 693 | J101: =J41 -> 200 | K101: =K41-K56-K71-K86 -> 0.66975 | L101: 693 | M101: =M41 -> 959 | N101: =N41-N56-N71-N86 -> 0.51975 | O101: =O41 -> 100 | P101: =P41 -> 0 | Q101: =Q41 -> 0.075 | R101: 693 | S101: =S41 -> 200 | T101: =T41-T56-T71-T86 -> 0.66975 | U101: =E101+R101-L101 -> 0 | V101: =V41 -> 1444 | W101: =W41-W56-W71-W86 -> 1.80225 | X101: =X41 -> 100 | Y101: =Y41 -> 200 | Z101: =Z41 -> 0.225 | AA101: =I101+G101-R101 -> 600 | AB101: =AB41 -> 0 | AC101: =AC41-AC56-AC71-AC86 -> 0.45 | AE101: Lựu đạn | AF101: =QSTBKT!H81 -> 693 | AG101: 0.75 | AI101: =0.75/1000 -> 0.00075

Sheet VCHCVTKT
A1: Quy định, phân cấp dự trữ vật chất hậu cần, vật tư kỹ thuật | AE1: Tỷ lệ TBBB
A3: Chỉ tiêu | B3: ĐVT | C3: TL ĐVT | D3: TL ĐVT (d) | E3: TL ĐVT (PT) | F3: Quy định dự trữ, tiêu thụ | L3: Hiện có | Q3: PC TQĐ | S3: Bổ sung | Z3: Kế hoạch tiếp nhận, bảo đảm
F4: Quy định dự trữ | G4: Tiêu thụ | I4: PC SCĐ | L4: Kho/d | N4: ĐV | P4: + | S4: GĐCB | W4: GĐCĐ | Y4: + | Z4: Thời gian | AA4: Địa điểm | AB4: Phương thức | AC4: Trách nhiệm vận chuyển
G5: GĐCB | H5: GĐCĐ | L5: d | M5: PT | N5: d | O5: PT | S5: Kho/d | U5: ĐV | W5: Kho/d | X5: ĐV
I6: Kho/d | J6: ĐV | K6: + | Q6: Kho/d | R6: ĐV | S6: d | T6: PT | U6: d | V6: PT
A7: I. Toàn d | F7: =F8+F14+F19+F21 -> 29.815929 | G7: =G8+G14+G19+G21 -> 6.1894167 | H7: =H8+H14+H19+H21 -> 13.552806 | I7: =I8+I14+I19+I21 -> 3.4803087 | J7: =J8+J14+J19+J21 -> 9.84034 | K7: =K8+K14+K19+K21 -> 13.320649 | L7: =L8+L14+L19+L21 -> 1.855504 | M7: =M8+M14+M19+M21 -> 0 | ... O7: =O8+O14+O19+O21 -> 4.30885 | P7: =L7+M7+N7+O7 -> 11.478378 | Q7: =Q8+Q14+Q19+Q21 -> 4.3279847 | R7: =R8+R14+R19+R21 -> 13.022301 | S7: =S8+S14+S19+S21 -> 0.876124 | T7: =T8+T14+T19 -> 1.5940167 | U7: =U8+U14+U19+U21 -> 5.35964 | V7: =V8+V14+V19 -> 4.2163333 | W7: =ABS(W8)+ABS(W14)+ABS(W19)+ABS(W21) -> 0.847676 | X7: =X8+X14+X19+X21 -> 10.370845 | Y7: =Y8+Y14+Y19+Y21 -> 18.337551
A8: 1. Quân nhu | B8: Tấn | F8: =G8+H8+J8 -> 27.976806 | G8: =SUMPRODUCT($C$9:$C$13,G9:G13)/1000 -> 6.006 | H8: =SUMPRODUCT($C$9:$C$13,H9:H13)/1000 -> 12.598586 | I8: =SUMPRODUCT($C$9:$C$13,I9:I13)/1000 -> 3.160872 | J8: =SUMPRODUCT($C$9:$C$13,J9:J13)/1000 -> 9.37222 | K8: =I8+J8 -> 12.533092 | L8: =SUMPRODUCT($D$9:$D$13,L9:L13)/1000 -> 1.721304 | M8: =SUMPRODUCT($E$9:$E$13,M9:M13)/1000 -> 0 | N8: =SUMPRODUCT($D$9:$D$13,N9:N13)/1000 -> 5.106504 | O8: =SUMPRODUCT($E$9:$E$13,O9:O13)/1000 -> 4.25425 | P8: =L8+M8+N8+O8 -> 11.082058 | Q8: =SUMPRODUCT($C$9:$C$13,Q9:Q13)/1000 -> 3.408548 | R8: =SUMPRODUCT($C$9:$C$13,R9:R13)/1000 -> 12.540814 | S8: =SUMPRODUCT($D$9:$D$13,S9:S13)/1000 -> 0.137904 | T8: =SUMPRODUCT($E$9:$E$13,T9:T13)/1000 -> 1.547 | U8: =SUMPRODUCT($D$9:$D$13,U9:U13)/1000 -> 5.00994 | V8: =SUMPRODUCT($E$9:$E$13,V9:V13)/1000 -> 4.16325 | W8: =SUMPRODUCT($C$9:$C$13,W9:W13)/1000 -> -0.247676 | X8: =SUMPRODUCT($C$9:$C$13,X9:X13)/1000 -> 9.429992 | Y8: =F8-P8 -> 16.894748
A9: LTTP | B9: N/a | C9: =D9+E9 -> 1201.2 | D9: =1.2*QSTBKT!B6 -> 655.2 | E9: =1.2*QSTBKT!B8 -> 546 | F9: =ChiLenhHCKT!D17 -> 19 | G9: =ChiLenhHCKT!G17 -> 5 | H9: =ChiLenhHCKT!H17 -> 9 | I9: =PhanCapVCHC!G6 -> 2 | J9: =PhanCapVCHC!H6 -> 3 | K9: =ChiLenhHCKT!F17 -> 5 | L9: =TinhHinhVC!D17 -> 2 | M9: 0 | N9: =TinhHinhVC!E17 -> 3 | O9: 3 | Q9: =PhanCapVCHC!D6 -> 2 | R9: =PhanCapVCHC!E6 -> 5 | S9: =Q9-L9 -> 0 | T9: =Q9-M9 -> 2 | U9: =G9+R9-N9 -> 7 | V9: =G9+R9-O9 -> 7 | W9: =I9-Q9 -> 0 | X9: =H9+J9-R9 -> 7
A10: Lương khô | B10: N/a | C10: =D10+E10 -> 750.75 | D10: =0.75*QSTBKT!B6 -> 409.5 | E10: =0.75*QSTBKT!B8 -> 341.25 | F10: =ChiLenhHCKT!D18 -> 4 | G10: =ChiLenhHCKT!G18 -> 0 | H10: =ChiLenhHCKT!H18 -> 2 | I10: =PhanCapVCHC!G7 -> 1 | J10: =PhanCapVCHC!H7 -> 1 | K10: =ChiLenhHCKT!F18 -> 2 | L10: =TinhHinhVC!D18 -> 1 | M10: 0 | N10: =TinhHinhVC!E18 -> 1 | O10: 1 | Q10: =PhanCapVCHC!D7 -> 1 | R10: =PhanCapVCHC!E7 -> 2 | S10: =Q10-L10 -> 0 | T10: =Q10-M10 -> 1 | U10: =G10+R10-N10 -> 1 | V10: =G10+R10-O10 -> 1 | W10: =I10-Q10 -> 0 | X10: =H10+J10-R10 -> 1
A11: ĐSTB | B11: %QS | C11: =D11+E11 -> 2.574 | D11: =0.01*QSTBKT!B6*1.8/7 -> 1.404 | E11: =0.01*QSTBKT!B8*1.8/7 -> 1.17 | F11: =ChiLenhHCKT!D19 -> 22 | G11: =ChiLenhHCKT!G19 -> 0 | H11: =ChiLenhHCKT!H19 -> 14 | I11: =PhanCapVCHC!G8 -> 3 | J11: =PhanCapVCHC!H8 -> 5 | K11: =ChiLenhHCKT!F19 -> 8 | L11: =TinhHinhVC!D19 -> 1 | M11: 0 | N11: =TinhHinhVC!E19 -> 1 | O11: 0 | Q11: =PhanCapVCHC!D8 -> 2 | R11: =PhanCapVCHC!E8 -> 11 | S11: =Q11-L11 -> 1 | T11: - | U11: =G11+R11-N11 -> 10 | V11: - | W11: =I11-Q11 -> 1 | X11: =H11+J11-R11 -> 8
A12: QLCĐ | B12: %QS | C12: =D12+E12 -> 20.02 | D12: =0.01*QSTBKT!B6*2 -> 10.92 | E12: =0.01*QSTBKT!B8*2 -> 9.1 | F12: =ChiLenhHCKT!D20 -> 105 | G12: =ChiLenhHCKT!G20 -> 0 | H12: =ChiLenhHCKT!H20 -> 5 | I12: =PhanCapVCHC!G9 -> 0 | J12: =PhanCapVCHC!H9 -> 100 | K12: =ChiLenhHCKT!F20 -> 100 | L12: =TinhHinhVC!D20 -> 0 | M12: 0 | N12: =TinhHinhVC!E20 -> 100 | O12: 100 | Q12: =PhanCapVCHC!D9 -> 5 | R12: =PhanCapVCHC!E9 -> 100 | S12: =Q12-L12 -> 5 | T12: =Q12-M12 -> 5 | U12: =G12+R12-N12 -> 0 | V12: =G12+R12-O12 -> 0 | W12: =I12-Q12 -> -5 | X12: =H12+J12-R12 -> 5
A13: QTCĐ | B13: %QS | C13: =D13+E13 -> 30.03 | D13: =0.01*QSTBKT!B6*3 -> 16.38 | E13: =0.01*QSTBKT!B8*3 -> 13.65 | F13: =ChiLenhHCKT!D21 -> 105 | G13: =ChiLenhHCKT!G21 -> 0 | H13: =ChiLenhHCKT!H21 -> 5 | I13: =PhanCapVCHC!G10 -> 0 | J13: =PhanCapVCHC!H10 -> 100 | K13: =ChiLenhHCKT!F21 -> 100 | L13: =TinhHinhVC!D21 -> 0 | M13: 0 | N13: =TinhHinhVC!E21 -> 100 | O13: 100 | Q13: =PhanCapVCHC!D10 -> 5 | R13: =PhanCapVCHC!E10 -> 100 | S13: =Q13-L13 -> 5 | T13: =Q13-M13 -> 5 | U13: =G13+R13-N13 -> 0 | V13: =G13+R13-O13 -> 0 | W13: =I13-Q13 -> -5 | X13: =H13+J13-R13 -> 5
A14: 2. Quân y | B14: Tấn | F14: =G14+H14+J14 -> 0.42214 | G14: =SUMPRODUCT($C$15:$C$18,G15:G18)/1000 -> 0 | H14: =SUMPRODUCT($C$15:$C$18,H15:H18)/1000 -> 0.30407 | I14: =SUMPRODUCT($C$15:$C$18,I15:I18)/1000 -> 0.08607 | J14: =SUMPRODUCT($C$15:$C$18,J15:J18)/1000 -> 0.11807 | K14: =SUMPRODUCT($C$15:$C$18,K15:K18)/1000 -> 0.20414 | L14: =(SUMPRODUCT($C$15:$C$17,L15:L17)+L18*$D$18)/1000 -> 0.016 | M14: =(SUMPRODUCT($C$15:$C$17,M15:M17)+M18*$E$18)/1000 -> 0 | N14: =(SUMPRODUCT($C$15:$C$17,N15:N17)+N18*$D$18)/1000 -> 0.08022 | O14: =(SUMPRODUCT($C$15:$C$17,O15:O17)+O18*$E$18)/1000 -> 0.03185 | P14: =L14+M14+N14+O14 -> 0.12807 | Q14: =SUMPRODUCT($C$15:$C$18,Q15:Q18)/1000 -> 0.08607 | R14: =SUMPRODUCT($C$15:$C$18,R15:R18)/1000 -> 0.19807 | S14: =(SUMPRODUCT($C$15:$C$17,S15:S17)+S18*$D$18)/1000 -> 0.03822 | T14: =(SUMPRODUCT($C$15:$C$17,T15:T17)+T18*$E$18)/1000 -> 0.03185 | U14: =(SUMPRODUCT($C$15:$C$17,U15:U17)+U18*$D$18)/1000 -> 0.086 | V14: =(SUMPRODUCT($C$15:$C$17,V15:V17)+V18*$E$18)/1000 -> 0 | W14: =SUMPRODUCT($C$15:$C$18,W15:W18)/1000 -> 0 | X14: =SUMPRODUCT($C$15:$C$18,X15:X18)/1000 -> 0.22407 | Y14: =F14-P14 -> 0.29407
A15: Túi y sĩ | B15: Túi | C15: 6 | D15: 6 | E15: 6 | F15: =ChiLenhHCKT!D23 -> 14 | G15: =ChiLenhHCKT!G23 -> 0 | H15: =ChiLenhHCKT!H23 -> 12 | I15: =PhanCapVCHC!G12 -> 1 | J15: =PhanCapVCHC!H12 -> 1 | K15: =ChiLenhHCKT!F23 -> 2 | L15: =TinhHinhVC!D23 -> 1 | M15: 0 | N15: =TinhHinhVC!E23 -> 1 | O15: 0 | Q15: =PhanCapVCHC!D12 -> 1 | R15: =PhanCapVCHC!E12 -> 3 | S15: =Q15-L15 -> 0 | T15: - | U15: =G15+R15-N15 -> 2 | V15: - | W15: =I15-Q15 -> 0 | X15: =H15+J15-R15 -> 10
A16: Túi y tá | B16: Túi | C16: 4 | D16: 4 | E16: 4 | F16: =ChiLenhHCKT!D24 -> 32 | G16: =ChiLenhHCKT!G24 -> 0 | H16: =ChiLenhHCKT!H24 -> 24 | I16: =PhanCapVCHC!G13 -> 2 | J16: =PhanCapVCHC!H13 -> 6 | K16: =ChiLenhHCKT!F24 -> 8 | L16: =TinhHinhVC!D24 -> 2 | M16: 0 | N16: =TinhHinhVC!E24 -> 5 | O16: 0 | Q16: =PhanCapVCHC!D13 -> 2 | R16: =PhanCapVCHC!E13 -> 16 | S16: =Q16-L16 -> 0 | T16: - | U16: =G16+R16-N16 -> 11 | V16: - | W16: =I16-Q16 -> 0 | X16: =H16+J16-R16 -> 14
A17: Túi cứu thương | B17: Túi | C17: 2 | D17: 2 | E17: 2 | F17: =ChiLenhHCKT!D25 -> 43 | G17: =ChiLenhHCKT!G25 -> 0 | H17: =ChiLenhHCKT!H25 -> 33 | I17: =PhanCapVCHC!G14 -> 1 | J17: =PhanCapVCHC!H14 -> 9 | K17: =ChiLenhHCKT!F25 -> 10 | L17: =TinhHinhVC!D25 -> 1 | M17: 0 | N17: =TinhHinhVC!E25 -> 8 | O17: 0 | Q17: =PhanCapVCHC!D14 -> 1 | R17: =PhanCapVCHC!E14 -> 23 | S17: =Q17-L17 -> 0 | T17: - | U17: =G17+R17-N17 -> 15 | V17: - | W17: =I17-Q17 -> 0 | X17: =H17+J17-R17 -> 19
A18: BCN | B18: C/ng | C18: =D18+E18 -> 70.07 | D18: =0.07*QSTBKT!B6 -> 38.22 | E18: =0.07*QSTBKT!B8 -> 31.85 | F18: =ChiLenhHCKT!D26 -> 3 | G18: =ChiLenhHCKT!G26 -> 0 | H18: =ChiLenhHCKT!H26 -> 1 | I18: =PhanCapVCHC!G15 -> 1 | J18: =PhanCapVCHC!H15 -> 1 | K18: =ChiLenhHCKT!F26 -> 2 | L18: =TinhHinhVC!D26 -> 0 | M18: 0 | N18: =TinhHinhVC!E26 -> 1 | O18: 1 | Q18: =PhanCapVCHC!D15 -> 1 | R18: =PhanCapVCHC!E15 -> 1 | S18: =Q18-L18 -> 1 | T18: =Q18-M18 -> 1 | U18: =G18+R18-N18 -> 0 | V18: =G18+R18-O18 -> 0 | W18: =I18-Q18 -> 0 | X18: =H18+J18-R18 -> 1
A19: 3. Doanh trại | B19: Tấn | F19: =$C$20*F20/1000 -> 0.31698333 | G19: =$C$20*G20/1000 -> 0.083416667 | H19: =$C$20*H20/1000 -> 0.15015 | I19: =$C$20*I20/1000 -> 0.033366667 | J19: =$C$20*J20/1000 -> 0.05005 | K19: =$C$20*K20/1000 -> 0.083416667 | L19: =L20*$D$20/1000 -> 0.0182 | M19: =M20*$E$20 -> 0 | N19: =N20*$D$20/1000 -> 0.0273 | O19: =O20*$E$20/1000 -> 0.02275 | P19: =L19+M19+N19+O19 -> 0.06825 | Q19: =$C$20*Q20/1000 -> 0.033366667 | R19: =$C$20*R20/1000 -> 0.083416667 | S19: =S20*$D$20/1000 -> 0 | T19: =T20*$E$20/1000 -> 0.015166667 | U19: =U20*$D$20/1000 -> 0.0637 | V19: =V20*$E$20/1000 -> 0.053083333 | W19: =$C$20*W20/1000 -> 0 | X19: =$C$20*X20/1000 -> 0.11678333 | Y19: =F19-P19 -> 0.24873333
A20: Dầu thắp | B20: ngày | C20: =D20+E20 -> 16.683333 | D20: =QSTBKT!B6*0.5/30 -> 9.1 | E20: =QSTBKT!B8*0.5/30 -> 7.5833333 | F20: =ChiLenhHCKT!D28 -> 19 | G20: =ChiLenhHCKT!G28 -> 5 | H20: =ChiLenhHCKT!H28 -> 9 | I20: =PhanCapVCHC!G17 -> 2 | J20: =PhanCapVCHC!H17 -> 3 | K20: =ChiLenhHCKT!F28 -> 5 | L20: =TinhHinhVC!D28 -> 2 | M20: 0 | N20: =TinhHinhVC!E28 -> 3 | O20: 3 | Q20: =PhanCapVCHC!D17 -> 2 | R20: =PhanCapVCHC!E17 -> 5 | S20: =Q20-L20 -> 0 | T20: =Q20-M20 -> 2 | U20: =G20+R20-N20 -> 7 | V20: =G20+R20-O20 -> 7 | W20: =I20-Q20 -> 0 | X20: =H20+J20-R20 -> 7
A21: 4. VTKT | B21: Tấn | F21: =ChiLenhHCKT!D29 -> 1.1 | G21: =ChiLenhHCKT!G29 -> 0.1 | H21: =ChiLenhHCKT!H29 -> 0.5 | I21: =PhanCapVCHC!G18 -> 0.2 | J21: =PhanCapVCHC!H18 -> 0.3 | K21: =ChiLenhHCKT!F29 -> 0.5 | L21: =TinhHinhVC!D30 -> 0.1 | M21: 0 | N21: =TinhHinhVC!E30 -> 0.1 | O21: 0 | P21: =L21+M21+N21+O21 -> 0.2 | Q21: =PhanCapVCHC!D18 -> 0.8 | R21: =PhanCapVCHC!E18 -> 0.2 | S21: =Q21-L21 -> 0.7 | T21: - | U21: =G21+R21-N21 -> 0.2 | V21: - | W21: =I21-Q21 -> -0.6 | X21: =H21+J21-R21 -> 0.6 | Y21: =F21-P21 -> 0.9
A22: II. Hướng chủ yếu | F22: =F23+F29+F34+F36 -> 9.7256133 | G22: =G23+G29+G34+G36 -> 1.8736667 | H22: =H23+H29+H34+H36 -> 3.93316 | I22: - | J22: =J23+J29+J34+J36 -> 2.91676 | K22: =K23+K29+K34+K36 -> 2.91676 | L22: - | M22: - | N22: =N23+N29+N34+N36 -> 2.91676 | O22: - | P22: =P23+P29+P34+P36 -> 2.91676 | Q22: - | R22: =R23+R29+R34+R36 -> 3.8972267 | S22: - | T22: - | U22: =U23+U29+U34+U36 -> 2.8541333 | V22: - | W22: - | X22: =X23+X29+X34+X36 -> 2.9526933 | Y22: =Y23+Y29+Y34+Y36 -> 6.8088533
A23: 1. Quân nhu | B23: Tấn | F23: =SUMPRODUCT($C$24:$C$28,F24:F28)/1000 -> 9.5634 | G23: =SUMPRODUCT($C$24:$C$28,G24:G28)/1000 -> 1.848 | H23: =SUMPRODUCT($C$24:$C$28,H24:H28)/1000 -> 3.8654 | I23: - | J23: =SUMPRODUCT($C$24:$C$28,J24:J28)/1000 -> 2.8798 | K23: =SUMPRODUCT($C$24:$C$28,K24:K28)/1000 -> 2.8798 | L23: - | M23: - | N23: =SUMPRODUCT($C$24:$C$28,N24:N28)/1000 -> 2.8798 | O23: - | P23: =N23 -> 2.8798 | Q23: - | R23: =SUMPRODUCT($C$24:$C$28,R24:R28)/1000 -> 3.85 | S23: - | T23: - | U23: =G23+R23-N23 -> 2.8182 | V23: - | W23: - | X23: =H23+J23-R23 -> 2.8952 | Y23: =F23-N23 -> 6.6836
A24: LTTP | B24: N/a | C24: =1.2*QSTBKT!B36 -> 369.6 | F24: =F9 -> 19 | G24: =G9 -> 5 | H24: =H9 -> 9 | I24: - | J24: =J9 -> 3 | K24: =J24 -> 3 | L24: - | M24: - | N24: =N9 -> 3 | O24: - | Q24: - | R24: =R9 -> 5 | S24: - | T24: - | U24: =G24+R24-N24 -> 7 | V24: - | W24: - | X24: =H24+J24-R24 -> 7
A25: Lương khô | B25: N/a | C25: =0.75*QSTBKT!B36 -> 231 | F25: =F10 -> 4 | G25: =G10 -> 0 | H25: =H10 -> 2 | I25: - | J25: =J10 -> 1 | K25: =J25 -> 1 | L25: - | M25: - | N25: =N10 -> 1 | O25: - | Q25: - | R25: =R10 -> 2 | S25: - | T25: - | U25: =G25+R25-N25 -> 1 | V25: - | W25: - | X25: =H25+J25-R25 -> 1
A26: ĐSTB | B26: %QS | C26: - | F26: - | G26: - | H26: - | I26: - | J26: - | K26: - | L26: - | M26: - | N26: - | O26: - | P26: - | Q26: - | R26: - | S26: - | T26: - | U26: - | V26: - | W26: - | X26: - | Y26: -
A27: QLCĐ | B27: %QS | C27: =0.01*QSTBKT!B36*2 -> 6.16 | F27: =F12 -> 105 | G27: =G12 -> 0 | H27: =H12 -> 5 | I27: - | J27: =J12 -> 100 | K27: =J27 -> 100 | L27: - | M27: - | N27: =N12 -> 100 | O27: - | Q27: - | R27: =R12 -> 100 | S27: - | T27: - | U27: =G27+R27-N27 -> 0 | V27: - | W27: - | X27: =H27+J27-R27 -> 5
A28: QTCĐ | B28: %QS | C28: =0.01*QSTBKT!B36*3 -> 9.24 | F28: =F13 -> 105 | G28: =G13 -> 0 | H28: =H13 -> 5 | I28: - | J28: =J13 -> 100 | K28: =J28 -> 100 | L28: - | M28: - | N28: =N13 -> 100 | O28: - | Q28: - | R28: =R13 -> 100 | S28: - | T28: - | U28: =G28+R28-N28 -> 0 | V28: - | W28: - | X28: =H28+J28-R28 -> 5
A29: 2. Quân y | B29: Tấn | F29: =SUMPRODUCT($C$30:$C$33,F30:F33)/1000 -> 0.06468 | G29: =SUMPRODUCT($C$30:$C$33,G30:G33)/1000 -> 0 | H29: =SUMPRODUCT($C$30:$C$33,H30:H33)/1000 -> 0.02156 | I29: - | J29: =SUMPRODUCT($C$30:$C$33,J30:J33)/1000 -> 0.02156 | K29: =J29 -> 0.02156 | L29: - | M29: - | N29: =SUMPRODUCT($C$30:$C$33,N30:N33)/1000 -> 0.02156 | O29: - | P29: =N29 -> 0.02156 | Q29: - | R29: =SUMPRODUCT($C$30:$C$33,R30:R33)/1000 -> 0.02156 | S29: - | T29: - | U29: =G29+R29-N29 -> 0 | V29: - | W29: - | X29: =H29+J29-R29 -> 0.02156 | Y29: =F29-N29 -> 0.04312
A30: Túi y sĩ | B30: Túi | C30: 6 | I30: - | K30: =J30 -> 0 | L30: - | M30: - | O30: - | Q30: - | S30: - | T30: - | U30: =G30+R30-N30 -> 0 | V30: - | W30: - | X30: =H30+J30-R30 -> 0
A31: Túi y tá | B31: Túi | C31: 4 | I31: - | K31: =J31 -> 0 | L31: - | M31: - | O31: - | Q31: - | S31: - | T31: - | U31: =G31+R31-N31 -> 0 | V31: - | W31: - | X31: =H31+J31-R31 -> 0
A32: Túi cứu thương | B32: Túi | C32: 2 | I32: - | K32: =J32 -> 0 | L32: - | M32: - | O32: - | Q32: - | S32: - | T32: - | U32: =G32+R32-N32 -> 0 | V32: - | W32: - | X32: =H32+J32-R32 -> 0
A33: BCN | B33: C/ng | C33: =0.07*QSTBKT!B36 -> 21.56 | F33: =F18 -> 3 | G33: =G18 -> 0 | H33: =H18 -> 1 | I33: - | J33: =J18 -> 1 | K33: =J33 -> 1 | L33: - | M33: - | N33: =N18 -> 1 | O33: - | Q33: - | R33: =R18 -> 1 | S33: - | T33: - | U33: =G33+R33-N33 -> 0 | V33: - | W33: - | X33: =H33+J33-R33 -> 1
A34: 3. Doanh trại | B34: Tấn | F34: =F35*$C$35/1000 -> 0.097533333 | G34: =G35*$C$35/1000 -> 0.025666667 | H34: =H35*$C$35/1000 -> 0.0462 | I34: - | J34: =J35*$C$35/1000 -> 0.0154 | K34: =J34 -> 0.0154 | L34: - | M34: - | N34: =N35*$C$35/1000 -> 0.0154 | O34: - | P34: =N34 -> 0.0154 | Q34: - | R34: =R35*$C$35/1000 -> 0.025666667 | S34: - | T34: - | U34: =G34+R34-N34 -> 0.035933333 | V34: - | W34: - | X34: =H34+J34-R34 -> 0.035933333 | Y34: =F34-N34 -> 0.082133333
A35: Dầu thắp | B35: ngày | C35: =0.5*QSTBKT!B36/30 -> 5.1333333 | F35: =F20 -> 19 | G35: =G20 -> 5 | H35: =H20 -> 9 | I35: - | J35: =J20 -> 3 | K35: =J35 -> 3 | L35: - | M35: - | N35: =N20 -> 3 | O35: - | Q35: - | R35: =R20 -> 5 | S35: - | T35: - | U35: =G35+R35-N35 -> 7 | V35: - | W35: - | X35: =H35+J35-R35 -> 7
A36: 4. VTKT | B36: Tấn | I36: - | K36: =J36 -> 0 | L36: - | M36: - | O36: - | P36: =N36 -> 0 | Q36: - | S36: - | T36: - | U36: =G36+R36-N36 -> 0 | V36: - | W36: - | X36: =H36+J36-R36 -> 0 | Y36: =F36-N36 -> 0
A37: II. Hướng thứ yếu | F37: =F38+F44+F49+F51 -> 6.1890267 | G37: =G38+G44+G49+G51 -> 1.1923333 | H37: =H38+H44+H49+H51 -> 2.50292 | I37: - | J37: =J38+J44+J49+J51 -> 1.85612 | K37: =K38+K44+K49+K51 -> 1.85612 | L37: - | M37: - | N37: =N38+N44+N49+N51 -> 1.85612 | O37: - | P37: =P38+P44+P49+P51 -> 1.8424 | Q37: - | R37: =R38+R44+R49+R51 -> 2.4800533 | S37: - | T37: - | U37: =U38+U44+U49+U51 -> 1.8162667 | V37: - | W37: - | X37: =X38+X44+X49+X51 -> 1.8789867 | Y37: =Y38+Y44+Y49+Y51 -> 4.3329067
A38: 1. Quân nhu | B38: Tấn | F38: =SUMPRODUCT($C$39:$C$43,F39:F43)/1000 -> 6.0858 | G38: =SUMPRODUCT($C$39:$C$43,G39:G43)/1000 -> 1.176 | H38: =SUMPRODUCT($C$39:$C$43,H39:H43)/1000 -> 2.4598 | I38: - | J38: =SUMPRODUCT($C$39:$C$43,J39:J43)/1000 -> 1.8326 | K38: =J38 -> 1.8326 | L38: - | M38: - | N38: =SUMPRODUCT($C$39:$C$43,N39:N43)/1000 -> 1.8326 | O38: - | P38: =N38 -> 1.8326 | Q38: - | R38: =SUMPRODUCT($C$39:$C$43,R39:R43)/1000 -> 2.45 | S38: - | T38: - | U38: =SUMPRODUCT($C$39:$C$43,U39:U43)/1000 -> 1.7934 | V38: - | W38: - | X38: =H38+J38-R38 -> 1.8424 | Y38: =F38-N38 -> 4.2532
A39: LTTP | B39: N/a | C39: =1.2*QSTBKT!B51 -> 235.2 | F39: =F24 -> 19 | G39: =G24 -> 5 | H39: =H24 -> 9 | I39: - | J39: =J24 -> 3 | K39: =J39 -> 3 | L39: - | M39: - | N39: =N24 -> 3 | O39: - | Q39: - | R39: =R24 -> 5 | S39: - | T39: - | U39: =G39+R39-N39 -> 7 | V39: - | W39: - | X39: =H39+J39-R39 -> 7
A40: Lương khô | B40: N/a | C40: =0.75*QSTBKT!B51 -> 147 | F40: =F25 -> 4 | G40: =G25 -> 0 | H40: =H25 -> 2 | I40: - | J40: =J25 -> 1 | K40: =J40 -> 1 | L40: - | M40: - | N40: =N25 -> 1 | O40: - | Q40: - | R40: =R25 -> 2 | S40: - | T40: - | U40: =G40+R40-N40 -> 1 | V40: - | W40: - | X40: =H40+J40-R40 -> 1
A41: ĐSTB | B41: %QS | C41: - | F41: =F26 -> - | G41: =G26 -> - | H41: =H26 -> - | I41: - | J41: =J26 -> - | K41: =J41 -> - | L41: - | M41: - | N41: =N26 -> - | O41: - | Q41: - | R41: =R26 -> - | S41: - | T41: - | U41: - | V41: - | W41: - | X41: -
A42: QLCĐ | B42: %QS | C42: =0.01*2*QSTBKT!B51 -> 3.92 | F42: =F27 -> 105 | G42: =G27 -> 0 | H42: =H27 -> 5 | I42: - | J42: =J27 -> 100 | K42: =J42 -> 100 | L42: - | M42: - | N42: =N27 -> 100 | O42: - | Q42: - | R42: =R27 -> 100 | S42: - | T42: - | U42: =G42+R42-N42 -> 0 | V42: - | W42: - | X42: =H42+J42-R42 -> 5
A43: QTCĐ | B43: %QS | C43: =0.01*3*QSTBKT!B51 -> 5.88 | F43: =F28 -> 105 | G43: =G28 -> 0 | H43: =H28 -> 5 | I43: - | J43: =J28 -> 100 | K43: =J43 -> 100 | L43: - | M43: - | N43: =N28 -> 100 | O43: - | Q43: - | R43: =R28 -> 100 | S43: - | T43: - | U43: =G43+R43-N43 -> 0 | V43: - | W43: - | X43: =H43+J43-R43 -> 5
A44: 2. Quân y | B44: Tấn | F44: =SUMPRODUCT($C$45:$C$48,F45:F48)/1000 -> 0.04116 | G44: =SUMPRODUCT($C$45:$C$48,G45:G48)/1000 -> 0 | H44: =SUMPRODUCT($C$45:$C$48,H45:H48)/1000 -> 0.01372 | I44: - | J44: =SUMPRODUCT($C$45:$C$48,J45:J48)/1000 -> 0.01372 | K44: =J44 -> 0.01372 | L44: - | M44: - | N44: =SUMPRODUCT($C$45:$C$48,N45:N48)/1000 -> 0.01372 | O44: - | Q44: - | R44: =SUMPRODUCT($C$45:$C$48,R45:R48)/1000 -> 0.01372 | S44: - | T44: - | U44: =SUMPRODUCT($C$45:$C$48,U45:U48)/1000 -> 0 | V44: - | W44: - | X44: =H44+J44-R44 -> 0.01372 | Y44: =F44-N44 -> 0.02744
A45: Túi y sĩ | B45: Túi | C45: 6 | I45: - | K45: =J45 -> 0 | L45: - | M45: - | O45: - | Q45: - | S45: - | T45: - | V45: - | W45: - | X45: =H45+J45-R45 -> 0
A46: Túi y tá | B46: Túi | C46: 4 | I46: - | K46: =J46 -> 0 | L46: - | M46: - | O46: - | Q46: - | S46: - | T46: - | V46: - | W46: - | X46: =H46+J46-R46 -> 0
A47: Túi cứu thương | B47: Túi | C47: 2 | I47: - | K47: =J47 -> 0 | L47: - | M47: - | O47: - | Q47: - | S47: - | T47: - | V47: - | W47: - | X47: =H47+J47-R47 -> 0
A48: BCN | B48: C/ng | C48: =0.07*QSTBKT!B51 -> 13.72 | F48: =F33 -> 3 | G48: =G33 -> 0 | H48: =H33 -> 1 | I48: - | J48: =J33 -> 1 | K48: =J48 -> 1 | L48: - | M48: - | N48: =N33 -> 1 | O48: - | Q48: - | R48: =R33 -> 1 | S48: - | T48: - | U48: =U33 -> 0 | V48: - | W48: - | X48: =H48+J48-R48 -> 1
A49: 3. Doanh trại | B49: Tấn | F49: =F50*$C$50/1000 -> 0.062066667 | G49: =G50*$C$50/1000 -> 0.016333333 | H49: =H50*$C$50/1000 -> 0.0294 | I49: - | J49: =J50*$C$50/1000 -> 0.0098 | K49: =J49 -> 0.0098 | L49: - | M49: - | N49: =N50*$C$50/1000 -> 0.0098 | O49: - | P49: =N49 -> 0.0098 | Q49: - | R49: =R50*$C$50/1000 -> 0.016333333 | S49: - | T49: - | U49: =U50*$C$50/1000 -> 0.022866667 | V49: - | W49: - | X49: =H49+J49-R49 -> 0.022866667 | Y49: =F49-N49 -> 0.052266667
A50: Dầu thắp | B50: ngày | C50: =0.5*QSTBKT!B51/30 -> 3.2666667 | F50: =F35 -> 19 | G50: =G35 -> 5 | H50: =H35 -> 9 | I50: - | J50: =J35 -> 3 | K50: =J50 -> 3 | L50: - | M50: - | N50: =N35 -> 3 | O50: - | Q50: - | R50: =R35 -> 5 | S50: - | T50: - | U50: =U35 -> 7 | V50: - | W50: - | X50: =H50+J50-R50 -> 7
A51: 4. VTKT | B51: Tấn | I51: - | K51: =J51 -> 0 | L51: - | M51: - | O51: - | P51: =N51 -> 0 | Q51: - | S51: - | T51: - | U51: =G51+R51-N51 -> 0 | V51: - | W51: - | X51: =H51+J51-R51 -> 0 | Y51: =F51-N51 -> 0
A52: II. BP PNPS | F52: =F53+F59+F64+F66 -> 3.5681633 | G52: =G53+G59+G64+G66 -> 0.68741667 | H52: =H53+H59+H64+H66 -> 1.44301 | I52: - | J52: =J53+J59+J64+J66 -> 1.07011 | K52: =J52 -> 1.07011 | L52: - | M52: - | N52: =N53+N59+N64+N66 -> 1.07011 | O52: - | P52: =N52 -> 1.07011 | Q52: - | R52: =R53+R59+R64+R66 -> 1.4298267 | S52: - | T52: - | U52: =U53+U59+U64+U66 -> 1.0471333 | V52: - | W52: - | X52: =X53+X59+X64+X66 -> 1.0832933 | Y52: =Y53+Y59+Y64+Y66 -> 2.4980533
A53: 1. Quân nhu | B53: Tấn | F53: =SUMPRODUCT($C$54:$C$58,F54:F58)/1000 -> 3.50865 | G53: =SUMPRODUCT($C$54:$C$58,G54:G58)/1000 -> 0.678 | H53: =SUMPRODUCT($C$54:$C$58,H54:H58)/1000 -> 1.41815 | I53: - | J53: =SUMPRODUCT($C$54:$C$58,J54:J58)/1000 -> 1.05655 | K53: =J53 -> 1.05655 | L53: - | M53: - | N53: =SUMPRODUCT($C$54:$C$58,N54:N58)/1000 -> 1.05655 | O53: - | P53: =N53 -> 1.05655 | Q53: - | R53: =SUMPRODUCT($C$54:$C$58,R54:R58)/1000 -> 1.4125 | S53: - | T53: - | U53: =SUMPRODUCT($C$54:$C$58,U54:U58)/1000 -> 1.03395 | V53: - | W53: - | X53: =H53+J53-R53 -> 1.0622 | Y53: =F53-N53 -> 2.4521
A54: LTTP | B54: N/a | C54: =1.2*QSTBKT!B62 -> 135.6 | F54: =F39 -> 19 | G54: =G39 -> 5 | H54: =H39 -> 9 | I54: - | J54: =J39 -> 3 | K54: =J54 -> 3 | L54: - | M54: - | N54: =N39 -> 3 | O54: - | Q54: - | R54: =R39 -> 5 | S54: - | T54: - | U54: =G54+R54-N54 -> 7 | V54: - | W54: - | X54: =H54+J54-R54 -> 7
A55: Lương khô | B55: N/a | C55: =0.75*QSTBKT!B62 -> 84.75 | F55: =F40 -> 4 | G55: =G40 -> 0 | H55: =H40 -> 2 | I55: - | J55: =J40 -> 1 | K55: =J55 -> 1 | L55: - | M55: - | N55: =N40 -> 1 | O55: - | Q55: - | R55: =R40 -> 2 | S55: - | T55: - | U55: =G55+R55-N55 -> 1 | V55: - | W55: - | X55: =H55+J55-R55 -> 1
A56: ĐSTB | B56: %QS | C56: - | F56: =F41 -> - | G56: =G41 -> - | H56: =H41 -> - | I56: - | J56: =J41 -> - | K56: =J56 -> - | L56: - | M56: - | N56: =N41 -> - | O56: - | Q56: - | R56: =R41 -> - | S56: - | T56: - | U56: - | V56: - | W56: - | X56: - | Y56: -
A57: QLCĐ | B57: %QS | C57: =0.01*QSTBKT!B62*2 -> 2.26 | F57: =F42 -> 105 | G57: =G42 -> 0 | H57: =H42 -> 5 | I57: - | J57: =J42 -> 100 | K57: =J57 -> 100 | L57: - | M57: - | N57: =N42 -> 100 | O57: - | Q57: - | R57: =R42 -> 100 | S57: - | T57: - | U57: =G57+R57-N57 -> 0 | V57: - | W57: - | X57: =H57+J57-R57 -> 5
A58: QTCĐ | B58: %QS | C58: =0.01*QSTBKT!B62*3 -> 3.39 | F58: =F43 -> 105 | G58: =G43 -> 0 | H58: =H43 -> 5 | I58: - | J58: =J43 -> 100 | K58: =J58 -> 100 | L58: - | M58: - | N58: =N43 -> 100 | O58: - | Q58: - | R58: =R43 -> 100 | S58: - | T58: - | U58: =G58+R58-N58 -> 0 | V58: - | W58: - | X58: =H58+J58-R58 -> 5
A59: 2. Quân y | B59: Tấn | F59: =SUMPRODUCT($C$60:$C$63,F60:F63)/1000 -> 0.02373 | G59: =SUMPRODUCT($C$60:$C$63,G60:G63)/1000 -> 0 | H59: =SUMPRODUCT($C$60:$C$63,H60:H63)/1000 -> 0.00791 | I59: - | J59: =SUMPRODUCT($C$60:$C$63,J60:J63)/1000 -> 0.00791 | K59: =J59 -> 0.00791 | L59: - | M59: - | N59: =SUMPRODUCT($C$60:$C$63,N60:N63)/1000 -> 0.00791 | O59: - | P59: =N59 -> 0.00791 | Q59: - | R59: =SUMPRODUCT($C$60:$C$63,R60:R63)/1000 -> 0.00791 | S59: - | T59: - | U59: =SUMPRODUCT($C$60:$C$63,U60:U63)/1000 -> 0 | V59: - | W59: - | X59: =H59+J59-R59 -> 0.00791 | Y59: =F59-N59 -> 0.01582
A60: Túi y sĩ | B60: Túi | C60: 6 | I60: - | K60: =J60 -> 0 | L60: - | M60: - | O60: - | Q60: - | S60: - | T60: - | V60: - | W60: - | X60: =H60+J60-R60 -> 0
A61: Túi y tá | B61: Túi | C61: 4 | I61: - | K61: =J61 -> 0 | L61: - | M61: - | O61: - | Q61: - | S61: - | T61: - | V61: - | W61: - | X61: =H61+J61-R61 -> 0
A62: Túi cứu thương | B62: Túi | C62: 2 | I62: - | K62: =J62 -> 0 | L62: - | M62: - | O62: - | Q62: - | S62: - | T62: - | V62: - | W62: - | X62: =H62+J62-R62 -> 0
A63: BCN | B63: C/ng | C63: =0.07*QSTBKT!B62 -> 7.91 | F63: =F48 -> 3 | G63: =G48 -> 0 | H63: =H48 -> 1 | I63: - | J63: =J48 -> 1 | K63: =J63 -> 1 | L63: - | M63: - | N63: =N48 -> 1 | O63: - | Q63: - | R63: =R48 -> 1 | S63: - | T63: - | U63: =G63+R63-N63 -> 0 | V63: - | W63: - | X63: =H63+J63-R63 -> 1
A64: 3. Doanh trại | B64: Tấn | F64: =F65*$C$65/1000 -> 0.035783333 | G64: =G65*$C$65/1000 -> 0.0094166667 | H64: =H65*$C$65/1000 -> 0.01695 | I64: - | J64: =J65*$C$65/1000 -> 0.00565 | K64: =J64 -> 0.00565 | L64: - | M64: - | N64: =N65*$C$65/1000 -> 0.00565 | O64: - | P64: =N64 -> 0.00565 | Q64: - | R64: =R65*$C$65/1000 -> 0.0094166667 | S64: - | T64: - | U64: =U65*$C$65/1000 -> 0.013183333 | V64: - | W64: - | X64: =H64+J64-R64 -> 0.013183333 | Y64: =F64-N64 -> 0.030133333
A65: Dầu thắp | B65: ngày | C65: =0.5*QSTBKT!B62/30 -> 1.8833333 | F65: =F50 -> 19 | G65: =G50 -> 5 | H65: =H50 -> 9 | I65: - | J65: =J50 -> 3 | K65: =J65 -> 3 | L65: - | M65: - | N65: =N50 -> 3 | O65: - | Q65: - | R65: =R50 -> 5 | S65: - | T65: - | U65: =G65+R65-N65 -> 7 | V65: - | W65: - | X65: =H65+J65-R65 -> 7
A66: 4. VTKT | B66: Tấn | I66: - | K66: =J66 -> 0 | L66: - | M66: - | O66: - | P66: =N66 -> 0 | Q66: - | S66: - | T66: - | U66: =G66+R66-N66 -> 0 | V66: - | W66: - | X66: =H66+J66-R66 -> 0 | Y66: =F66-N66 -> 0
A67: II. LL còn lại | F67: =F68+F74+F79+F81 -> 13.580068 | G67: =G68+G74+G79+G81 -> 2.436 | H67: =H68+H74+H79+H81 -> 5.673716 | I67: - | J67: =J68+J74+J79+J81 -> 3.99735 | K67: =K68+K74+K79+K81 -> 3.99735 | L67: - | M67: - | N67: =N68+N74+N79+N81 -> 3.781054 | O67: =O68+O74+O79+O81 -> 3.63648 | P67: =P68+P74+P79+P81 -> 7.417534 | Q67: - | R67: =R68+R74+R79+R81 -> 5.215194 | S67: - | T67: - | U67: =U68+U74+U79+U81 -> 2.8923667 | V67: =V68+V74+V79 -> 4.2163333 | W67: - | X67: =X68+X74+X79+X81 -> 10.370845 | Y67: =Y68+Y74+Y79+Y81 -> 9.799014
A68: 1. Quân nhu | B68: Tấn | F68: =SUMPRODUCT($C$69:$C$73,F69:F73)/1000 -> 11.979828 | G68: =SUMPRODUCT($C$69:$C$73,G69:G73)/1000 -> 2.304 | H68: =SUMPRODUCT($C$69:$C$73,H69:H73)/1000 -> 4.855236 | I68: - | J68: =SUMPRODUCT($C$69:$C$73,J69:J73)/1000 -> 3.60327 | K68: =SUMPRODUCT($C$69:$C$73,K69:K73)/1000 -> 3.60327 | L68: - | M68: - | N68: =SUMPRODUCT($C$69:$C$73,N69:N73)/1000 -> 3.592974 | O68: =SUMPRODUCT($C$69:$C$73,O69:O73)/1000 -> 3.5904 | P68: =O68+N68 -> 7.183374 | Q68: - | R68: =SUMPRODUCT($C$69:$C$73,R69:R73)/1000 -> 4.828314 | S68: - | T68: - | U68: =SUMPRODUCT($E$69:$E$73,U69:U73)/1000 -> 2.5737 | V68: =V8 -> 4.16325 | W68: - | X68: =X8 -> 9.429992 | Y68: =F68-N68 -> 8.386854
A69: LTTP | B69: N/a | C69: =C9-C24-C39-C54 -> 460.8 | D69: =1.2*QSTBKT!B68 -> 124.8 | E69: =1.2*QSTBKT!B70 -> 336 | F69: =F9 -> 19 | G69: =G9 -> 5 | H69: =H9 -> 9 | I69: - | J69: =J9 -> 3 | K69: =J69 -> 3 | L69: - | M69: - | N69: =N9 -> 3 | O69: =O9 -> 3 | Q69: - | R69: =R9 -> 5 | S69: - | T69: - | U69: =U9 -> 7 | V69: =V9 -> 7 | W69: - | X69: =X9 -> 7
A70: Lương khô | B70: N/a | C70: =C10-C25-C40-C55 -> 288 | D70: =0.75*QSTBKT!B68 -> 78 | E70: =0.75*QSTBKT!B70 -> 210 | F70: =F10 -> 4 | G70: =G10 -> 0 | H70: =H10 -> 2 | I70: - | J70: =J10 -> 1 | K70: =J70 -> 1 | L70: - | M70: - | N70: =N10 -> 1 | O70: =O10 -> 1 | Q70: - | R70: =R10 -> 2 | S70: - | T70: - | U70: =U10 -> 1 | V70: =V10 -> 1 | W70: - | X70: =X10 -> 1
A71: ĐSTB | B71: %QS | C71: =C11 -> 2.574 | D71: =D11 -> 1.404 | E71: =E11 -> 1.17 | F71: =F11 -> 22 | G71: =G11 -> 0 | H71: =H11 -> 14 | I71: - | J71: =J11 -> 5 | K71: =J71 -> 5 | L71: - | M71: - | N71: =N11 -> 1 | O71: =O11 -> 0 | Q71: - | R71: =R11 -> 11 | S71: - | T71: - | U71: =U11 -> 10 | V71: =V11 -> - | W71: - | X71: =X11 -> 8
A72: QLCĐ | B72: %QS | C72: =C12-C27-C42-C57 -> 7.68 | D72: =0.01*QSTBKT!B68*2 -> 2.08 | E72: =0.01*QSTBKT!B70*2 -> 5.6 | F72: =F12 -> 105 | G72: =G12 -> 0 | H72: =H12 -> 5 | I72: - | J72: =J12 -> 100 | K72: =J72 -> 100 | L72: - | M72: - | N72: =N12 -> 100 | O72: =O12 -> 100 | Q72: - | R72: =R12 -> 100 | S72: - | T72: - | U72: =U12 -> 0 | V72: =V12 -> 0 | W72: - | X72: =X12 -> 5
A73: QTCĐ | B73: %QS | C73: =C13-C28-C43-C58 -> 11.52 | D73: =0.01*QSTBKT!B68*3 -> 3.12 | E73: =0.01*QSTBKT!B70*3 -> 8.4 | F73: =F13 -> 105 | G73: =G13 -> 0 | H73: =H13 -> 5 | I73: - | J73: =J13 -> 100 | K73: =J73 -> 100 | L73: - | M73: - | N73: =N13 -> 100 | O73: =O13 -> 100 | Q73: - | R73: =R13 -> 100 | S73: - | T73: - | U73: =U13 -> 0 | V73: =V13 -> 0 | W73: - | X73: =X13 -> 5
A74: 2. Quân y | B74: Tấn | F74: =SUMPRODUCT($C$75:$C$78,F75:F78)/1000 -> 0.37864 | G74: =SUMPRODUCT($C$75:$C$78,G75:G78)/1000 -> 0 | H74: =SUMPRODUCT($C$75:$C$78,H75:H78)/1000 -> 0.26088 | I74: - | J74: =SUMPRODUCT($C$75:$C$78,J75:J78)/1000 -> 0.07488 | K74: =SUMPRODUCT($C$75:$C$78,K75:K78)/1000 -> 0.07488 | L74: - | M74: - | N74: =SUMPRODUCT($C$75:$C$78,N75:N78)/1000 -> 0.06888 | O74: =SUMPRODUCT($C$75:$C$78,O75:O78)/1000 -> 0.02688 | P74: =O74+N74 -> 0.09576 | Q74: - | R74: =SUMPRODUCT($C$75:$C$78,R75:R78)/1000 -> 0.15488 | S74: - | T74: - | U74: =SUMPRODUCT($E$75:$E$78,U75:U78)/1000 -> 0.086 | V74: =V14 -> 0 | W74: - | X74: =X14 -> 0.22407 | Y74: =F74-N74 -> 0.30976
A75: Túi y sĩ | B75: Túi | C75: 6 | D75: 6 | E75: 6 | F75: =F15 -> 14 | G75: =G15 -> 0 | H75: =H15 -> 12 | I75: - | J75: =J15 -> 1 | K75: =J75 -> 1 | L75: - | M75: - | N75: =N15 -> 1 | O75: =O15 -> 0 | Q75: - | R75: =R15 -> 3 | S75: - | T75: - | U75: =U15 -> 2 | V75: =V15 -> - | W75: - | X75: =X15 -> 10
A76: Túi y tá | B76: Túi | C76: 4 | D76: 4 | E76: 4 | F76: =F16-F31-F46-F61 -> 32 | G76: =G16-G31-G46-G61 -> 0 | H76: =H16-H31-H46-H61 -> 24 | I76: - | J76: =J16-J31-J46-J61 -> 6 | K76: =J76 -> 6 | L76: - | M76: - | N76: =N16-N31-N46-N61 -> 5 | O76: =O16 -> 0 | Q76: - | R76: =R16-R31-R46-R61 -> 16 | S76: - | T76: - | U76: =U16-U31-U46-U61 -> 11 | V76: =V16 -> - | W76: - | X76: =X16 -> 14
A77: Túi cứu thương | B77: Túi | C77: 2 | D77: 2 | E77: 2 | F77: =F17-F32-F47-F62 -> 43 | G77: =G17-G32-G47-G62 -> 0 | H77: =H17-H32-H47-H62 -> 33 | I77: - | J77: =J17-J32-J47-J62 -> 9 | K77: =J77 -> 9 | L77: - | M77: - | N77: =N17-N32-N47-N62 -> 8 | O77: =O17 -> 0 | Q77: - | R77: =R17-R32-R47-R62 -> 23 | S77: - | T77: - | U77: =U17-U32-U47-U62 -> 15 | V77: =V17 -> - | W77: - | X77: =X17 -> 19
A78: BCN | B78: C/ng | C78: =C18-C33-C48-C63 -> 26.88 | D78: =0.07*QSTBKT!B68 -> 7.28 | E78: =0.07*QSTBKT!B70 -> 19.6 | F78: =F18 -> 3 | G78: =G18 -> 0 | H78: =H18 -> 1 | I78: - | J78: =J18 -> 1 | K78: =J78 -> 1 | L78: - | M78: - | N78: =N18 -> 1 | O78: =O18 -> 1 | Q78: - | R78: =R18 -> 1 | S78: - | T78: - | U78: =U18 -> 0 | V78: =V18 -> 0 | W78: - | X78: =X18 -> 1
A79: 3. Doanh trại | B79: Tấn | F79: =F80*$C$80/1000 -> 0.1216 | G79: =G80*$C$80/1000 -> 0.032 | H79: =H80*$C$80/1000 -> 0.0576 | I79: - | J79: =J80*$C$80/1000 -> 0.0192 | K79: =K80*$C$80/1000 -> 0.0192 | L79: - | M79: - | N79: =N80*$C$80/1000 -> 0.0192 | O79: =O80*$C$80/1000 -> 0.0192 | P79: =O79+N79 -> 0.0384 | Q79: - | R79: =R80*$C$80/1000 -> 0.032 | S79: - | T79: - | U79: =U80*$E$80/1000 -> 0.032666667 | V79: =V19 -> 0.053083333 | W79: - | X79: =X19 -> 0.11678333 | Y79: =F79-N79 -> 0.1024
A80: Dầu thắp | B80: ngày | C80: =C20-C35-C50-C65 -> 6.4 | D80: =0.5*QSTBKT!B68/30 -> 1.7333333 | E80: =0.5*QSTBKT!B70/30 -> 4.6666667 | F80: =F20 -> 19 | G80: =G20 -> 5 | H80: =H20 -> 9 | I80: - | J80: =J20 -> 3 | K80: =J80 -> 3 | L80: - | M80: - | N80: =N20 -> 3 | O80: =O20 -> 3 | Q80: - | R80: =R20 -> 5 | S80: - | T80: - | U80: =U20 -> 7 | V80: =V20 -> 7 | W80: - | X80: =X20 -> 7
A81: 4. VTKT | B81: Tấn | F81: =F21-F36-F51-F66 -> 1.1 | G81: =G21-G36-G51-G66 -> 0.1 | H81: =H21-H36-H51-H66 -> 0.5 | I81: - | J81: =J21-J36-J51-J66 -> 0.3 | K81: =J81 -> 0.3 | L81: - | M81: - | N81: =N21-N36-N51-N66 -> 0.1 | O81: =O21 -> 0 | P81: =O81+N81 -> 0.1 | Q81: - | R81: =R21-R36-R51-R66 -> 0.2 | S81: - | T81: - | U81: =G81+R81-N81 -> 0.2 | V81: =V21 -> - | W81: - | X81: =H81+J81-R81 -> 0.6 | Y81: =F81-P81 -> 1

Sheet TiLeVuKhiHuHong
A1: TT | B1: Loại VKTBKT | C1: Số lượng TBKT tham gia CĐ | D1: Dự kiến tỷ lệ hư hỏng 1 ngày đêm (%) | E1: Tổng số TBKT hư hỏng | J1: Khả năng sửa chữa trong 1 ngày đêm | M1: Còn lại chưa sửa chữa được
E2: Nhẹ | F2: Vừa | G2: Nặng | H2: Hủy | I2: + | J2: Nhỏ | K2: Vừa | L2: + | M2: Nhỏ | N2: Vừa | O2: Lớn | P2: Hủy
A3: 1 | B3: SMPK 12,7 | C3: =QSTBKT!M19 -> 9 | D3: 8 | E3: =ROUND(I3*0.5,0) -> 1 | F3: =ROUND(I3*0.25,0) -> 0 | G3: =ROUND(I3*0.15,0) -> 0 | H3: =I3-E3-F3-G3 -> 0 | I3: =ROUND(C3*D3/100,0) -> 1 | L3: =J3+K3 -> 0 | M3: =E3-J3 -> 1 | N3: =F3 -> 0 | O3: =G3 -> 0 | P3: =H3 -> 0
A4: 2 | B4: SPG-9 | C4: =QSTBKT!L19 -> 9 | D4: 10 | E4: =ROUND(I4*0.5,0) -> 1 | F4: =ROUND(I4*0.25,0) -> 0 | G4: =ROUND(I4*0.15,0) -> 0 | H4: =I4-E4-F4-G4 -> 0 | I4: =ROUND(C4*D4/100,0) -> 1 | L4: =J4+K4 -> 0 | M4: =E4-J4 -> 1 | N4: =F4 -> 0 | O4: =G4 -> 0 | P4: =H4 -> 0
A5: 3 | B5: Súng ngắn | C5: =QSTBKT!C19 -> 42 | D5: 4 | E5: =ROUND(I5*0.5,0) -> 1 | F5: =ROUND(I5*0.25,0) -> 1 | G5: =ROUND(I5*0.15,0) -> 0 | H5: =I5-E5-F5-G5 -> 0 | I5: =ROUND(C5*D5/100,0) -> 2 | L5: =J5+K5 -> 0 | M5: =E5-J5 -> 1 | N5: =F5 -> 1 | O5: =G5 -> 0 | P5: =H5 -> 0
A6: 4 | B6: Tiểu liên | C6: =QSTBKT!D19 -> 486 | D6: 4 | E6: =ROUND(I6*0.5,0) -> 10 | F6: =ROUND(I6*0.25,0) -> 5 | G6: =ROUND(I6*0.15,0) -> 3 | H6: =I6-E6-F6-G6 -> 1 | I6: =ROUND(C6*D6/100,0) -> 19 | L6: =J6+K6 -> 0 | M6: =E6-J6 -> 10 | N6: =F6 -> 5 | O6: =G6 -> 3 | P6: =H6 -> 1
A7: 5 | B7: Trung liên | C7: =QSTBKT!E19 -> 36 | D7: 4 | E7: =ROUND(I7*0.5,0) -> 1 | F7: =ROUND(I7*0.25,0) -> 0 | G7: =ROUND(I7*0.15,0) -> 0 | H7: =I7-E7-F7-G7 -> 0 | I7: =ROUND(C7*D7/100,0) -> 1 | L7: =J7+K7 -> 0 | M7: =E7-J7 -> 1 | N7: =F7 -> 0 | O7: =G7 -> 0 | P7: =H7 -> 0
A8: 6 | B8: Đại liên | C8: =QSTBKT!F19 -> 8 | D8: 4 | E8: =ROUND(I8*0.5,0) -> 0 | F8: =ROUND(I8*0.25,0) -> 0 | G8: =ROUND(I8*0.15,0) -> 0 | H8: =I8-E8-F8-G8 -> 0 | I8: =ROUND(C8*D8/100,0) -> 0 | L8: =J8+K8 -> 0 | M8: =E8-J8 -> 0 | N8: =F8 -> 0 | O8: =G8 -> 0 | P8: =H8 -> 0
A9: 7 | B9: B41 | C9: =QSTBKT!G19 -> 72 | D9: 4 | E9: =ROUND(I9*0.5,0) -> 2 | F9: =ROUND(I9*0.25,0) -> 1 | G9: =ROUND(I9*0.15,0) -> 0 | H9: =I9-E9-F9-G9 -> 0 | I9: =ROUND(C9*D9/100,0) -> 3 | L9: =J9+K9 -> 0 | M9: =E9-J9 -> 2 | N9: =F9 -> 1 | O9: =G9 -> 0 | P9: =H9 -> 0
A10: 8 | B10: Cối 100 | C10: =QSTBKT!K19 -> 4 | D10: 10 | E10: =ROUND(I10*0.5,0) -> 0 | F10: =ROUND(I10*0.25,0) -> 0 | G10: =ROUND(I10*0.15,0) -> 0 | H10: =I10-E10-F10-G10 -> 0 | I10: =ROUND(C10*D10/100,0) -> 0 | L10: =J10+K10 -> 0 | M10: =E10-J10 -> 0 | N10: =F10 -> 0 | O10: =G10 -> 0 | P10: =H10 -> 0
A11: 9 | B11: Cối 82 | C11: =QSTBKT!J19 -> 4 | D11: 10 | E11: =ROUND(I11*0.5,0) -> 0 | F11: =ROUND(I11*0.25,0) -> 0 | G11: =ROUND(I11*0.15,0) -> 0 | H11: =I11-E11-F11-G11 -> 0 | I11: =ROUND(C11*D11/100,0) -> 0 | L11: =J11+K11 -> 0 | M11: =E11-J11 -> 0 | N11: =F11 -> 0 | O11: =G11 -> 0 | P11: =H11 -> 0
A12: 10 | B12: Cối 60 | C12: =QSTBKT!I19 -> 8 | D12: 10 | E12: =ROUND(I12*0.5,0) -> 1 | F12: =ROUND(I12*0.25,0) -> 0 | G12: =ROUND(I12*0.15,0) -> 0 | H12: =I12-E12-F12-G12 -> 0 | I12: =ROUND(C12*D12/100,0) -> 1 | L12: =J12+K12 -> 0 | M12: =E12-J12 -> 1 | N12: =F12 -> 0 | O12: =G12 -> 0 | P12: =H12 -> 0

Sheet KhoiLuongVanTai
A1: 2. Khối lượng vận tải và phân cấp vận chuyển
A2: Nội dung | B2: Khối lượng vận chuyển | M2: Ghi chú
B3: Trang bị kỹ thuật | F3: Vật chất hậu cần | J3: Vật chất khác | K3: Cộng | L3: Người
B4: VKTB | C4: Đạn | D4: VTKT | E4: + | F4: QN | G4: QY | H4: DT | I4: +
A5: Đơn vị tính | B5: tấn | C5: tấn | D5: tấn | E5: tấn | F5: tấn | G5: tấn | H5: tấn | I5: tấn | J5: tấn | K5: tấn | L5: người
A6: Toàn trận | B6: =B7+B11 -> 0 | C6: =C7+C11 -> 0 | D6: =D7+D11 -> 0 | E6: =E7+E11 -> 0 | F6: =F7+F11 -> 0 | G6: =G7+G11 -> 0 | H6: =H7+H11 -> 0 | I6: =I7+I11 -> 0 | J6: =J7+J11 -> 0 | K6: =E6+I6 -> 0 | L6: =ROUNDUP(DuKienTiLeTBBB!I5/2,0) -> 3
A7: GĐCB | B7: =B8+B9+B10 -> 0 | C7: =C8+C9+C10 -> 0 | D7: =D8+D9+D10 -> 0 | E7: =E8+E9+E10 -> 0 | F7: =F8+F9+F10 -> 0 | G7: =G8+G9+G10 -> 0 | H7: =H8+H9+H10 -> 0 | I7: =I8+I9+I10 -> 0 | ... K7: =K8+K9+K10 -> 0
A8: Trên chuyển
A9: Cấp mình
A10: Dưới chuyển
A11: GĐCĐ | B11: =B12+B13+B14 -> 0 | C11: =C12+C13+C14 -> 0 | D11: =D12+D13+D14 -> 0 | E11: =E12+E13+E14 -> 0 | F11: =F12+F13+F14 -> 0 | G11: =G12+G13+G14 -> 0 | H11: =H12+H13+H14 -> 0 | I11: =I12+I13+I14 -> 0 | ... K11: =K12+K13+K14 -> 0 | L11: =L6 -> 3
A12: Trên chuyển
A13: Cấp mình
A14: Dưới chuyển

Sheet KeHoachVanChuyen
A2: Nội dung, Đơn vị được vận chuyển | B2: Người | C2: TBKT, vật chất HC, KT | E2: Địa điểm | G2: Cự ly (km) | H2: Vận chuyển thô sơ | K2: Vận chuyển khác
C4: Chủng loại | D4: Khối lượng (tấn) | E4: Nơi nhận | F4: Nơi giao | H4: TBKT | I4: Thời gian | K4: TBKT | L4: Thời gian
H5: vật chất (tấn) | I5: Bắt đầu | J5: Kết thúc | K5: vật chất (tấn) | L5: Bắt đầu | M5: Kết thúc
A7: TỔNG SỐ | B7: =DuKienTiLeTBBB!J5 -> 3
A8: GĐCB CĐ | B8: 0 | C8: QN | D8: =KhoiLuongVanTai!F9 -> 0 | E8: HCKT/d | F8: Các hướng | H8: =D8 -> 0 | I8: 17.00 N-3 | J8: 20.00 N-3
C9: QY | D9: =KhoiLuongVanTai!G9 -> 0 | H9: =D9 -> 0 | I9: 17.00 N-2 | J9: 20.00 N-2
C10: DT | D10: =KhoiLuongVanTai!H9 -> 0 | H10: =D10 -> 0 | I10: 17.00 N-2 | J10: 20.00 N-2
C11: VTKT | D11: =KhoiLuongVanTai!D9 -> 0 | H11: =D11 -> 0 | I11: 17.00 N-2 | J11: 20.00 N-2
C12: Đạn | D12: =KhoiLuongVanTai!C9 -> 0 | H12: =D12 -> 0 | I12: 21.00 N-1 | J12: 23.00 N-1
A13: GĐTH CĐ | B13: =B7 -> 3 | C13: QN | D13: =KhoiLuongVanTai!F13 -> 0 | E13: HCKT/d | F13: Các hướng | H13: =D13 -> 0 | I13: Khi có lệnh
C14: QY | D14: =KhoiLuongVanTai!G13 -> 0 | H14: =D14 -> 0 | I14: Khi có lệnh
C15: DT | D15: =KhoiLuongVanTai!H13 -> 0 | H15: =D15 -> 0 | I15: Khi có lệnh
C16: VTKT | D16: =KhoiLuongVanTai!D13 -> 0 | H16: =D16 -> 0 | I16: Khi có lệnh
C17: Đạn | D17: =KhoiLuongVanTai!C13 -> 0 | H17: =D17 -> 0 | I17: Khi có lệnh
A18: Hướng CY | B18: =DuKienTiLeTBBB!J6 -> 32
A19: GĐCB CĐ | C19: QN | E19: HCKT/d | F19: HCY | G19: 0.7 | H19: =D19 -> 0 | I19: 17.00 N-3 | J19: 20.00 N-3
C20: QY | H20: =D20 -> 0 | I20: 17.00 N-2 | J20: 20.00 N-2
C21: DT | H21: =D21 -> 0 | I21: 17.00 N-2 | J21: 20.00 N-2
C22: VTKT | H22: =D22 -> 0 | I22: 17.00 N-2 | J22: 20.00 N-2
C23: Đạn | H23: =D23 -> 0 | I23: 21.00 N-1 | J23: 23.00 N-1
A24: GĐTH CĐ | B24: =B18 -> 32 | C24: QN | E24: HCKT/d | F24: HCY | G24: 1 | H24: =D24 -> 0 | I24: Khi có lệnh
C25: QY | H25: =D25 -> 0 | I25: Khi có lệnh
C26: DT | H26: =D26 -> 0 | I26: Khi có lệnh
C27: VTKT | H27: =D27 -> 0 | I27: Khi có lệnh
C28: Đạn | H28: =D28 -> 0 | I28: Khi có lệnh
A29: Hướng TY | B29: =DuKienTiLeTBBB!J7 -> 19
A30: GĐCB CĐ | C30: QN | E30: HCKT/d | F30: HTY | G30: 1 | H30: =D30 -> 0 | I30: 17.00 N-3 | J30: 20.00 N-3
C31: QY | H31: =D31 -> 0 | I31: 17.00 N-2 | J31: 20.00 N-2
C32: DT | H32: =D32 -> 0 | I32: 17.00 N-2 | J32: 20.00 N-2
C33: VTKT | H33: =D33 -> 0 | I33: 17.00 N-2 | J33: 20.00 N-2
C34: Đạn | H34: =D34 -> 0 | I34: 21.00 N-1 | J34: 23.00 N-1
A35: GĐTH CĐ | B35: =B29 -> 19 | C35: QN | E35: HCKT/d | F35: HTY | G35: 1.5 | H35: =D35 -> 0 | I35: Khi có lệnh
C36: QY | H36: =D36 -> 0 | I36: Khi có lệnh
C37: DT | H37: =D37 -> 0 | I37: Khi có lệnh
C38: VTKT | H38: =D38 -> 0 | I38: Khi có lệnh
C39: Đạn | H39: =D39 -> 0 | I39: Khi có lệnh
A40: LL phía sau | B40: =DuKienTiLeTBBB!J8 -> 10
A41: GĐCB CĐ | C41: QN | E41: HCKT/d | F41: LLDB | G41: 0.7 | H41: =D41 -> 0 | I41: 17.00 N-3 | J41: 20.00 N-3
C42: QY | H42: =D42 -> 0 | I42: 17.00 N-2 | J42: 20.00 N-2
C43: DT | H43: =D43 -> 0 | I43: 17.00 N-2 | J43: 20.00 N-2
C44: VTKT | H44: =D44 -> 0 | I44: 17.00 N-2 | J44: 20.00 N-2
C45: Đạn | H45: =D45 -> 0 | I45: 21.00 N-1 | J45: 23.00 N-1
A46: GĐTH CĐ | B46: =B40 -> 10 | C46: QN | E46: HCKT/d | F46: LLDB | G46: 0.8 | H46: =D46 -> 0 | I46: Khi có lệnh
C47: QY | H47: =D47 -> 0 | I47: Khi có lệnh
C48: DT | H48: =D48 -> 0 | I48: Khi có lệnh
C49: VTKT | H49: =D49 -> 0 | I49: Khi có lệnh
C50: Đạn | H50: =D50 -> 0 | I50: Khi có lệnh
A51: LL còn lại | B51: =DuKienTiLeTBBB!J10 -> 3
A52: GĐCB CĐ | C52: QN | E52: HCKT/d | F52: LLCL | G52: 0.5 | H52: =D52 -> 0 | I52: 17.00 N-3 | J52: 20.00 N-3
C53: QY | H53: =D53 -> 0 | I53: 17.00 N-2 | J53: 20.00 N-2
C54: DT | H54: =D54 -> 0 | I54: 17.00 N-2 | J54: 20.00 N-2
C55: VTKT | H55: =D55 -> 0 | I55: 17.00 N-2 | J55: 20.00 N-2
C56: Đạn | H56: =D56 -> 0 | I56: 21.00 N-1 | J56: 23.00 N-1
A57: GĐTH CĐ | B57: =B51 -> 3 | C57: QN | E57: HCKT/d | F57: LLCL | G57: 0.3 | H57: =D57 -> 0 | I57: Khi có lệnh
C58: QY | H58: =D58 -> 0 | I58: Khi có lệnh
C59: DT | H59: =D59 -> 0 | I59: Khi có lệnh
C60: VTKT | H60: =D60 -> 0 | I60: Khi có lệnh
C61: Đạn | H61: =D61 -> 0 | I61: Khi có lệnh
