Workbook

Sheet Sheet1
A1: TỔ CHỨC BIÊN CHẾ, TRANG BỊ TIỂU ĐOÀN BỘ BINH TIẾN CÔNG RỪNG NÚI
A3: LỰC LƯỢNG | B3: QUÂN SỐ | C3: TRANG BỊ KỸ THUẬT | N3: VẬT TỰ KỸ THUẬT
C4: Vũ khí bộ binh | H4: Lựu đạn | I4: Cối | L4: PCT | M4: Pháo PK | N4: ON | O4: ĐB
C5: SN | D5: TL | E5: TrL | F5: ĐL | G5: B41, M79 | I5: 60 | J5: 82 | K5: 100 | L5: SPG9 | M5: 12.7
A6: 1. Trong biên chế | B6: 546 | C6: 22 | D6: 289 | E6: 27 | F6: 6 | G6: 54 | H6: 1444 | I6: 6 | J6: 4 | K6: 0 | L6: 3 | M6: 3 | N6: 0 | O6: 0
A7: dBB | B7: 546 | C7: 22 | D7: 289 | E7: 27 | F7: 6 | G7: 54 | H7: 1444 | I7: 6 | J7: 4 | K7: 0 | L7: 3 | M7: 3
A8: 2. LL phối thuộc | B8: =SUM(B9:B18) -> 335 | C8: =SUM(C9:C18) -> 14 | D8: =SUM(D9:D18) -> 150 | E8: =SUM(E9:E18) -> 0 | F8: =SUM(F9:F18) -> 0 | G8: =SUM(G9:G18) -> 0 | H8: =SUM(H9:H18) -> 629 | I8: =SUM(I9:I18) -> 0 | ... O8: =SUM(O9:O18) -> 0
A9: 1 cO100/e | B9: 74 | C9: 4 | D9: 30 | H9: 139 | K9: 4
A10: 1 cSPG-9/e | B10: 69 | C10: 4 | D10: 26 | H10: 130 | L10: 6
A11: 1 cSMPK 12,7mm/e | B11: 82 | C11: 4 | D11: 26 | H11: 156 | M11: 6
A12: 1b VTB/e | B12: 28 | D12: 10 | H12: 56
A13: 1 tổ QY/e | B13: 3 | D13: 0 | H13: 0
A14: 1 aHH/f | B14: 9 | D14: 2 | H14: 8
A15: 2 PĐ TS/e | B15: 26 | C15: 2 | D15: 24 | H15: 52
A16: 1 b CB | B16: 32 | D16: 22 | H16: 64
A17: 1 tổ SC/e | B17: 3 | D17: 1 | H17: 6
A18: 1a TT/e | B18: 9 | D18: 9 | H18: 18
A19: Tổng | B19: =B7+B8 -> 881 | C19: =C7+C8 -> 36 | D19: =D7+D8 -> 439 | E19: =E7+E8 -> 27 | F19: =F7+F8 -> 6 | G19: =G7+G8 -> 54 | H19: =H7+H8 -> 2073 | I19: =I7+I8 -> 6 | ... O19: =O7+O8 -> 0

Sheet Sheet2
A1: TỔ CHỨC BIÊN CHẾ, TRANG BỊ HƯỚNG CHỦ YẾU
A3: LỰC LƯỢNG | B3: QUÂN SỐ | C3: TRANG BỊ KỸ THUẬT | N3: VẬT TỰ KỸ THUẬT
C4: Vũ khí bộ binh | H4: Lựu đạn | I4: Cối | L4: PCT | M4: Pháo PK | N4: ON | O4: ĐB
C5: SN | D5: TL | E5: TrL | F5: ĐL | G5: B41, M79 | I5: 60 | J5: 82 | K5: 100 | L5: SPG9 | M5: 12.7
A6: 1. Trong biên chế | B6: 111 | C6: 4 | D6: 68 | E6: 9 | F6: 2 | G6: 18 | H6: 346 | I6: =I7 -> 2 | J6: =J7 -> 0 | K6: =K7 -> 0 | L6: =L7 -> 0 | M6: =M7 -> 0 | N6: =N7 -> 0 | O6: =O7 -> 0
A7: cBB | B7: 111 | C7: 4 | D7: 68 | E7: 9 | F7: 2 | G7: 18 | H7: 346 | I7: 2 | J7: 0 | K7: 0 | L7: 0 | M7: 0
A8: 2. LL tăng cường | B8: =SUM(B9:B16) -> 200 | C8: =SUM(C9:C16) -> 8 | D8: =SUM(D9:D16) -> 89 | E8: =SUM(E9:E16) -> 6 | F8: =SUM(F9:F16) -> 2 | G8: =SUM(G9:G16) -> 12 | H8: =SUM(H9:H16) -> 476 | I8: =SUM(I9:I16) -> 2 | ... O8: =SUM(O9:O16) -> 0
A9: 1 b SPG-9/d | B9: 29 | D9: 11 | H9: 58 | L9: 3
A10: cCo82(-)/d | B10: 34 | C10: 4 | D10: 12 | H10: 62 | J10: 3
A11: b SMPK 12,7mm/d | B11: 35 | D11: 11 | H11: 70 | M11: 3
A12: cBB3 (-) | B12: 82 | C12: 4 | D12: 48 | E12: 6 | F12: 2 | G12: 12 | H12: =346-102 -> 244 | I12: 2
A13: Y tá/d | B13: 1
A14: Nuôi quân của cBB1 | B14: 5 | D14: 2 | H14: 12
A15: Nuôi quân của cBB3 (-) | B15: 5 | D15: 2 | H15: 12
A16: a VTB | B16: 9 | D16: 3 | H16: 18
A17: Tổng | B17: =B7+B8 -> 311 | C17: =C7+C8 -> 12 | D17: =D7+D8 -> 157 | E17: =E7+E8 -> 15 | F17: =F7+F8 -> 4 | G17: =G7+G8 -> 30 | H17: =H7+H8 -> 822 | I17: =I7+I8 -> 4 | ... O17: =O7+O8 -> 0

Sheet Sheet3
A1: TỔ CHỨC BIÊN CHẾ, TRANG BỊ HƯỚNG THỨ YẾU
A3: LỰC LƯỢNG | B3: QUÂN SỐ | C3: TRANG BỊ KỸ THUẬT | N3: VẬT TỰ KỸ THUẬT
C4: Vũ khí bộ binh | H4: Lựu đạn | I4: Cối | L4: PCT | M4: Pháo PK | N4: ON | O4: ĐB
C5: SN | D5: TL | E5: TrL | F5: ĐL | G5: B41, M79 | I5: 60 | J5: 82 | K5: 100 | L5: SPG9 | M5: 12.7
A6: 1. Trong biên chế | B6: 111 | C6: 4 | D6: 68 | E6: 9 | F6: 2 | G6: 18 | H6: 346 | I6: =I7 -> 2 | J6: =J7 -> 0 | K6: =K7 -> 0 | L6: =L7 -> 0 | M6: =M7 -> 0 | N6: =N7 -> 0 | O6: =O7 -> 0
A7: cBB | B7: 111 | C7: 4 | D7: 68 | E7: 9 | F7: 2 | G7: 18 | H7: 346 | I7: 2 | J7: 0 | K7: 0 | L7: 0 | M7: 0 | N7: 0 | O7: 0
A8: 2. LL tăng cường | B8: =SUM(B9:B10) -> 22 | C8: =SUM(C9:C10) -> 0 | D8: =SUM(D9:D10) -> 7 | E8: =SUM(E9:E10) -> 0 | F8: =SUM(F9:F10) -> 0 | G8: =SUM(G9:G10) -> 0 | H8: =SUM(H9:H10) -> 44 | I8: =SUM(I9:I10) -> 0 | ... O8: =SUM(O9:O10) -> 0
A9: 1b cCO82/d | B9: 17 | D9: 5 | H9: 32 | J9: 1
A10: Nuôi quân của cBB2 | B10: 5 | D10: 2 | H10: 12
A11: Tổng | B11: =B7+B8 -> 133 | C11: =C7+C8 -> 4 | D11: =D7+D8 -> 75 | E11: =E7+E8 -> 9 | F11: =F7+F8 -> 2 | G11: =G7+G8 -> 18 | H11: =H7+H8 -> 390 | I11: =I7+I8 -> 2 | ... O11: =O7+O8 -> 0

Sheet Sheet4
A1: TỔ CHỨC BIÊN CHẾ, TRANG BỊ LỰC LƯỢNG DỰ BỊ
A3: LỰC LƯỢNG | B3: QUÂN SỐ | C3: TRANG BỊ KỸ THUẬT | N3: VẬT TỰ KỸ THUẬT
C4: Vũ khí bộ binh | H4: Lựu đạn | I4: Cối | L4: PCT | M4: Pháo PK | N4: ON | O4: ĐB
C5: SN | D5: TL | E5: TrL | F5: ĐL | G5: B41, M79 | I5: 60 | J5: 82 | K5: 100 | L5: SPG9 | M5: 12.7
A6: 1. Trong biên chế | B6: =B7 -> 29 | C6: =C7 -> 0 | D6: =D7 -> 20 | E6: =E7 -> 3 | F6: =F7 -> 0 | G6: =G7 -> 6 | H6: =H7 -> 102 | I6: =I7 -> 0 | ... O6: =O7 -> 0
A7: bBB9 (cBB3) | B7: 29 | C7: 0 | D7: 20 | E7: 3 | G7: 6 | H7: 102 | I7: 0 | J7: 0 | K7: 0 | L7: 0 | M7: 0
A8: 2. LL tăng cường | B8: =SUM(B9:B9) -> 1 | C8: =SUM(C9:C9) -> 0 | D8: =SUM(D9:D9) -> 0 | E8: =SUM(E9:E9) -> 0 | F8: =SUM(F9:F9) -> 0 | G8: =SUM(G9:G9) -> 0 | H8: =SUM(H9:H9) -> 0 | I8: =SUM(I9:I9) -> 0 | J8: 0 | K8: =SUM(K9:K9) -> 0 | L8: =SUM(L9:L9) -> 0 | M8: =SUM(M9:M9) -> 0 | N8: =SUM(N9:N9) -> 0 | O8: =SUM(O9:O9) -> 0
A9: Nuôi quân của bBB9 | B9: 1
A10: Tổng | B10: =B8+B6 -> 30 | C10: =C8+C6 -> 0 | D10: =D8+D6 -> 20 | E10: =E8+E6 -> 3 | F10: =F8+F6 -> 0 | G10: =G8+G6 -> 6 | H10: =H8+H6 -> 102 | I10: =I8+I6 -> 0 | ... O10: =O8+O6 -> 0

Sheet Sheet5
A1: TỔ CHỨC BIÊN CHẾ, TRANG BỊ LỰC LƯỢNG CÒN LẠI
A3: LỰC LƯỢNG | B3: QUÂN SỐ | C3: TRANG BỊ KỸ THUẬT | N3: VẬT TỰ KỸ THUẬT
C4: Vũ khí bộ binh | H4: Lựu đạn | I4: Cối | L4: PCT | M4: Pháo PK | N4: ON | O4: ĐB
C5: SN | D5: TL | E5: TrL | F5: ĐL | G5: B41, M79 | I5: 60 | J5: 82 | K5: 100 | L5: SPG9 | M5: 12.7
A6: 1. Trong biên chế | B6: =B7 -> #REF! | C6: =C7 -> #REF! | D6: =D7 -> #REF! | E6: =E7 -> #REF! | F6: =F7 -> #REF! | G6: =G7 -> #REF! | H6: =H7 -> #REF! | I6: =I7 -> #REF! | ... O6: =O7 -> #REF!
A7: Lực lượng còn lại | B7: =#REF!-#REF!-#REF!-#REF! -> #REF! | C7: =#REF!-#REF!-#REF!-#REF! -> #REF! | D7: =#REF!-#REF!-#REF!-#REF! -> #REF! | E7: =#REF!-#REF!-#REF!-#REF! -> #REF! | F7: =#REF!-#REF!-#REF!-#REF! -> #REF! | G7: =#REF!-#REF!-#REF!-#REF! -> #REF! | H7: =#REF!-#REF!-#REF!-#REF! -> #REF! | I7: =#REF!-#REF!-#REF!-#REF! -> #REF! | ... O7: =#REF!-#REF!-#REF!-#REF! -> #REF!
A8: 2. Lực lượng tăng cường | B8: =SUM(B9:B18) -> 335 | C8: =SUM(C9:C18) -> 14 | D8: =SUM(D9:D18) -> 150 | E8: =SUM(E9:E18) -> 0 | F8: =SUM(F9:F18) -> 0 | G8: =SUM(G9:G18) -> 0 | H8: =SUM(H9:H18) -> 629 | I8: =SUM(I9:I18) -> 0 | ... O8: =SUM(O9:O18) -> 0
A9: 1 ccO100/e | B9: 74 | C9: 4 | D9: 30 | H9: 139 | K9: 4
A10: 1 cSPG-9/e | B10: 69 | C10: 4 | D10: 26 | H10: 130 | L10: 6
A11: 1 cSMPK 12,7mm/e | B11: 82 | C11: 4 | D11: 26 | H11: 156 | M11: 6
A12: 1b VTB/e | B12: 28 | D12: 10 | H12: 56
A13: 1 tổ QY/e | B13: 3 | D13: 0 | H13: 0
A14: 1 aHH/f | B14: 9 | D14: 2 | H14: 8
A15: 2 PĐ TS/e | B15: 26 | C15: 2 | D15: 24 | H15: 52
A16: 1 b CB | B16: 32 | D16: 22 | H16: 64
A17: 1 tổ SC/e | B17: 3 | D17: 1 | H17: 6
A18: 1 aTT/e | B18: 9 | D18: 9 | H18: 18
A19: Tổng | B19: =B7+B8 -> #REF! | C19: =C7+C8 -> #REF! | D19: =D7+D8 -> #REF! | E19: =E7+E8 -> #REF! | F19: =F7+F8 -> #REF! | G19: =G7+G8 -> #REF! | H19: =H7+H8 -> #REF! | I19: =I7+I8 -> #REF! | ... O19: =O7+O8 -> #REF!

Sheet DAN1
B1: Số Khẩu | C1: Tr.l /1V | D1: SV/CS | E1: TL 1CS
A2: SN | B2: =Sheet1!C19 -> 36 | C2: 0.014 | D2: 24 | E2: =B2*C2*D2/1000 -> 0.012096
A3: TL | B3: =Sheet1!D19 -> 439 | C3: 0.022 | D3: 300 | E3: =B3*C3*D3/1000 -> 2.8974
A4: TrL | B4: =Sheet1!E19 -> 27 | C4: 0.022 | D4: 600 | E4: =B4*C4*D4/1000 -> 0.3564
A5: ĐL | B5: =Sheet1!F19 -> 6 | C5: 0.033 | D5: 1200 | E5: =B5*C5*D5/1000 -> 0.2376
A6: B41,M79 | B6: =Sheet1!G19 -> 54 | C6: 5.5 | D6: 12 | E6: =B6*C6*D6/1000 -> 3.564
A7: 1CS Đạn BB N1 | E7: =SUM(E2:E6) -> 7.067496
A8: Co60 | B8: =Sheet1!I19 -> 6 | C8: 2.1 | D8: 80 | E8: =D8*C8*B8/1000 -> 1.008
A9: Co82 | B9: =Sheet1!J19 -> 4 | C9: 5 | D9: 100 | E9: =D9*C9*B9/1000 -> 2
A10: Co100 | B10: =Sheet1!K19 -> 4 | C10: 23 | D10: 80 | E10: =D10*C10*B10/1000 -> 7.36
A11: SPG9 | B11: =Sheet1!L19 -> 9 | C11: 16.5 | D11: 30 | E11: =D11*C11*B11/1000 -> 4.455
A12: 1CS Đạn BB N2 | E12: =SUM(E8:E11) -> 14.823
A13: SMPK12,7 | B13: =Sheet1!M19 -> 9 | C13: 0.17 | D13: 1200 | E13: =B13*C13*D13/1000 -> 1.836
A14: 1 CS Đạn HL | E14: =E13 -> 1.836
A15: Lựu đạn | B15: =Sheet1!H19 -> 2073 | C15: 0.75 | E15: =C15*B15/1000 -> 1.55475
A16: 1 CS Lựu đạn | E16: =E15 -> 1.55475
A17: Thuốc nổ | E17: 0
A18: 1 CS Thuốc nổ | E18: 0

Sheet DAN2
B1: Số Khẩu | C1: Tr.l /1V | D1: SV/CS | E1: TL 1CS
A2: SN | B2: =Sheet2!C17 -> 12 | C2: 0.014 | D2: 24 | E2: =B2*C2*D2/1000 -> 0.004032
A3: TL | B3: =Sheet2!D17 -> 157 | C3: 0.022 | D3: 300 | E3: =B3*C3*D3/1000 -> 1.0362
A4: TrL | B4: =Sheet2!E17 -> 15 | C4: 0.022 | D4: 600 | E4: =B4*C4*D4/1000 -> 0.198
A5: ĐL | B5: =Sheet2!F17 -> 4 | C5: 0.033 | D5: 1200 | E5: =B5*C5*D5/1000 -> 0.1584
A6: B41,M79 | B6: =Sheet2!G17 -> 30 | C6: 5.5 | D6: 12 | E6: =B6*C6*D6/1000 -> 1.98
A7: 1CS Đạn BB N1 | E7: =SUM(E2:E6) -> 3.376632
A8: Co60 | B8: =Sheet2!I17 -> 4 | C8: 2.1 | D8: 80 | E8: =D8*C8*B8/1000 -> 0.672
A9: Co82 | B9: =Sheet2!J17 -> 3 | C9: 5 | D9: 100 | E9: =D9*C9*B9/1000 -> 1.5
A10: Co100 | B10: =Sheet2!K17 -> 0 | C10: 23 | D10: 80 | E10: =D10*C10*B10/1000 -> 0
A11: SPG9 | B11: =Sheet2!L17 -> 3 | C11: 16.5 | D11: 30 | E11: =D11*C11*B11/1000 -> 1.485
A12: 1CS Đạn BB N2 | E12: =SUM(E8:E11) -> 3.657
A13: SMPK12,7 | B13: =Sheet2!M17 -> 3 | C13: 0.17 | D13: 1200 | E13: =B13*C13*D13/1000 -> 0.612
A14: 1 CS Đạn HL | E14: =E13 -> 0.612
A15: Lựu đạn | B15: =Sheet2!H17 -> 822 | C15: 0.75 | E15: =C15*B15/1000 -> 0.6165
A16: 1 CS Lựu đạn | E16: =E15 -> 0.6165
A17: Thuốc nổ | E17: 0
A18: 1 CS Thuốc nổ | E18: 0

Sheet DAN3
B1: Số Khẩu | C1: Tr.l /1V | D1: SV/CS | E1: TL 1CS
A2: SN | B2: =Sheet3!C11 -> 4 | C2: 0.014 | D2: 24 | E2: =B2*C2*D2/1000 -> 0.001344
A3: TL | B3: =Sheet3!D11 -> 75 | C3: 0.022 | D3: 300 | E3: =B3*C3*D3/1000 -> 0.495
A4: TrL | B4: =Sheet3!E11 -> 9 | C4: 0.022 | D4: 600 | E4: =B4*C4*D4/1000 -> 0.1188
A5: ĐL | B5: =Sheet3!F11 -> 2 | C5: 0.033 | D5: 1200 | E5: =B5*C5*D5/1000 -> 0.0792
A6: B41,M79 | B6: =Sheet3!G11 -> 18 | C6: 5.5 | D6: 12 | E6: =B6*C6*D6/1000 -> 1.188
A7: 1CS Đạn BB N1 | E7: =SUM(E2:E6) -> 1.882344
A8: Co60 | B8: =Sheet3!I11 -> 2 | C8: 2.1 | D8: 80 | E8: =D8*C8*B8/1000 -> 0.336
A9: Co82 | B9: =Sheet3!J11 -> 1 | C9: 5 | D9: 100 | E9: =D9*C9*B9/1000 -> 0.5
A10: Co100 | B10: =Sheet3!K11 -> 0 | C10: 23 | D10: 80 | E10: =D10*C10*B10/1000 -> 0
A11: SPG9 | B11: =Sheet3!L11 -> 0 | C11: 16.5 | D11: 30 | E11: =D11*C11*B11/1000 -> 0
A12: 1CS Đạn BB N2 | E12: =SUM(E8:E11) -> 0.836
A13: SMPK12,7 | B13: =Sheet3!M11 -> 0 | C13: 0.17 | D13: 1200 | E13: =B13*C13*D13/1000 -> 0
A14: 1 CS Đạn HL | E14: =E13 -> 0
A15: Lựu đạn | B15: =Sheet3!H11 -> 390 | C15: 0.75 | E15: =C15*B15/1000 -> 0.2925
A16: 1 CS Lựu đạn | E16: =E15 -> 0.2925
A17: Thuốc nổ | E17: 0
A18: 1 CS Thuốc nổ | E18: 0

Sheet DAN4
B1: Số Khẩu | C1: Tr.l /1V | D1: SV/CS | E1: TL 1CS
A2: SN | B2: =Sheet4!C10 -> 0 | C2: 0.014 | D2: 24 | E2: =B2*C2*D2/1000 -> 0
A3: TL | B3: =Sheet4!D10 -> 20 | C3: 0.022 | D3: 300 | E3: =B3*C3*D3/1000 -> 0.132
A4: TrL | B4: =Sheet4!E10 -> 3 | C4: 0.022 | D4: 600 | E4: =B4*C4*D4/1000 -> 0.0396
A5: ĐL | B5: =Sheet4!F10 -> 0 | C5: 0.033 | D5: 1200 | E5: =B5*C5*D5/1000 -> 0
A6: B41,M79 | B6: =Sheet4!G10 -> 6 | C6: 5.5 | D6: 12 | E6: =B6*C6*D6/1000 -> 0.396
A7: 1CS Đạn BB N1 | E7: =SUM(E2:E6) -> 0.5676
A8: Co60 | B8: =Sheet4!I10 -> 0 | C8: 2.1 | D8: 80 | E8: =D8*C8*B8/1000 -> 0
A9: Co82 | B9: =Sheet4!J10 -> 0 | C9: 5 | D9: 100 | E9: =D9*C9*B9/1000 -> 0
A10: Co100 | B10: =Sheet4!K10 -> 0 | C10: 23 | D10: 80 | E10: =D10*C10*B10/1000 -> 0
A11: SPG9 | B11: =Sheet4!L10 -> 0 | C11: 16.5 | D11: 30 | E11: =D11*C11*B11/1000 -> 0
A12: 1CS Đạn BB N2 | E12: =SUM(E8:E11) -> 0
A13: SMPK12,7 | B13: =Sheet4!M10 -> 0 | C13: 0.17 | D13: 1200 | E13: =B13*C13*D13/1000 -> 0
A14: 1 CS Đạn HL | E14: =E13 -> 0
A15: Lựu đạn | B15: =Sheet4!H10 -> 102 | C15: 0.75 | E15: =C15*B15/1000 -> 0.0765
A16: 1 CS Lựu đạn | E16: =E15 -> 0.0765
A17: Thuốc nổ | E17: 0
A18: 1 CS Thuốc nổ | E18: 0

Sheet DAN5
B1: Số Khẩu | C1: Tr.l /1V | D1: SV/CS | E1: TL 1CS
A2: SN | B2: =Sheet5!C19 -> #REF! | C2: 0.014 | D2: 24 | E2: =B2*C2*D2/1000 -> #REF!
A3: TL | B3: =Sheet5!D19 -> #REF! | C3: 0.022 | D3: 300 | E3: =B3*C3*D3/1000 -> #REF!
A4: TrL | B4: =Sheet5!E19 -> #REF! | C4: 0.022 | D4: 600 | E4: =B4*C4*D4/1000 -> #REF!
A5: ĐL | B5: =Sheet5!F19 -> #REF! | C5: 0.033 | D5: 1200 | E5: =B5*C5*D5/1000 -> #REF!
A6: B41,M79 | B6: =Sheet5!G19 -> #REF! | C6: 5.5 | D6: 12 | E6: =B6*C6*D6/1000 -> #REF!
A7: 1CS Đạn BB N1 | E7: =SUM(E2:E6) -> #REF!
A8: Co60 | B8: =Sheet5!I19 -> #REF! | C8: 2.1 | D8: 80 | E8: =D8*C8*B8/1000 -> #REF!
A9: Co82 | B9: =Sheet5!J19 -> #REF! | C9: 5 | D9: 100 | E9: =D9*C9*B9/1000 -> #REF!
A10: Co100 | B10: =Sheet5!K19 -> #REF! | C10: 23 | D10: 80 | E10: =D10*C10*B10/1000 -> #REF!
A11: SPG9 | B11: =Sheet5!L19 -> #REF! | C11: 16.5 | D11: 30 | E11: =D11*C11*B11/1000 -> #REF!
A12: 1CS Đạn BB N2 | E12: =SUM(E8:E11) -> #REF!
A13: SMPK12,7 | B13: =Sheet5!M19 -> #REF! | C13: 0.17 | D13: 1200 | E13: =B13*C13*D13/1000 -> #REF!
A14: 1 CS Đạn HL | E14: =E13 -> #REF!
A15: Lựu đạn | B15: =Sheet5!H19 -> #REF! | C15: 0.75 | E15: =C15*B15/1000 -> #REF!
A16: 1 CS Lựu đạn | E16: =E15 -> #REF!
A17: Thuốc nổ | E17: 0
A18: 1 CS Thuốc nổ | E18: 0
