Workbook

Sheet QSTBKT
A3: LỰC LƯỢNG
A6: 1. Trong biên chế
A7: dBB
A8: 2. LL phối thuộc
A9: 1 cO100/e
A10: 1 cSPG-9/e
A11: 1 cSMPK 12,7mm/e
A12: 1b VTB/e
A13: 1 tổ QY/e
A14: 1 bHH/f
A15: 1 c CB(-)/e
A16: 1 tổ SC/e
... A81: Tổng

Sheet TiLeVuKhiHuHong
A1: TT | B1: Loại VKTBKT | C1: Số lượng TBKT tham gia CĐ | D1: Dự kiến tỷ lệ hư hỏng 1 ngày đêm (%) | E1: Tổng số TBKT hư hỏng | J1: Khả năng sửa chữa trong 1 ngày đêm | M1: Còn lại chưa sửa chữa được
E2: Nhẹ | F2: Vừa | G2: Nặng | H2: Hủy | I2: + | J2: Nhỏ | K2: Vừa | L2: + | M2: Nhỏ | N2: Vừa | O2: Lớn | P2: Hủy
A3: 1 | B3: SMPK 12,7 | C3: =QSTBKT!M19 -> 0 | D3: 8 | E3: =ROUND(I3*0.5,0) -> 0 | F3: =ROUND(I3*0.25,0) -> 0 | G3: =ROUND(I3*0.15,0) -> 0 | H3: =I3-E3-F3-G3 -> 0 | I3: =ROUND(C3*D3/100,0) -> 0 | L3: =J3+K3 -> 0 | M3: =E3-J3 -> 0 | N3: =F3 -> 0 | O3: =G3 -> 0 | P3: =H3 -> 0
A4: 2 | B4: SPG-9 | C4: =QSTBKT!L19 -> 0 | D4: 10 | E4: =ROUND(I4*0.5,0) -> 0 | F4: =ROUND(I4*0.25,0) -> 0 | G4: =ROUND(I4*0.15,0) -> 0 | H4: =I4-E4-F4-G4 -> 0 | I4: =ROUND(C4*D4/100,0) -> 0 | L4: =J4+K4 -> 0 | M4: =E4-J4 -> 0 | N4: =F4 -> 0 | O4: =G4 -> 0 | P4: =H4 -> 0
A5: 3 | B5: Súng ngắn | C5: =QSTBKT!C19 -> 0 | D5: 4 | E5: =ROUND(I5*0.5,0) -> 0 | F5: =ROUND(I5*0.25,0) -> 0 | G5: =ROUND(I5*0.15,0) -> 0 | H5: =I5-E5-F5-G5 -> 0 | I5: =ROUND(C5*D5/100,0) -> 0 | L5: =J5+K5 -> 0 | M5: =E5-J5 -> 0 | N5: =F5 -> 0 | O5: =G5 -> 0 | P5: =H5 -> 0
A6: 4 | B6: Tiểu liên | C6: =QSTBKT!D19 -> 0 | D6: 4 | E6: =ROUND(I6*0.5,0) -> 0 | F6: =ROUND(I6*0.25,0) -> 0 | G6: =ROUND(I6*0.15,0) -> 0 | H6: =I6-E6-F6-G6 -> 0 | I6: =ROUND(C6*D6/100,0) -> 0 | L6: =J6+K6 -> 0 | M6: =E6-J6 -> 0 | N6: =F6 -> 0 | O6: =G6 -> 0 | P6: =H6 -> 0
A7: 5 | B7: Trung liên | C7: =QSTBKT!E19 -> 0 | D7: 4 | E7: =ROUND(I7*0.5,0) -> 0 | F7: =ROUND(I7*0.25,0) -> 0 | G7: =ROUND(I7*0.15,0) -> 0 | H7: =I7-E7-F7-G7 -> 0 | I7: =ROUND(C7*D7/100,0) -> 0 | L7: =J7+K7 -> 0 | M7: =E7-J7 -> 0 | N7: =F7 -> 0 | O7: =G7 -> 0 | P7: =H7 -> 0
A8: 6 | B8: Đại liên | C8: =QSTBKT!F19 -> 0 | D8: 4 | E8: =ROUND(I8*0.5,0) -> 0 | F8: =ROUND(I8*0.25,0) -> 0 | G8: =ROUND(I8*0.15,0) -> 0 | H8: =I8-E8-F8-G8 -> 0 | I8: =ROUND(C8*D8/100,0) -> 0 | L8: =J8+K8 -> 0 | M8: =E8-J8 -> 0 | N8: =F8 -> 0 | O8: =G8 -> 0 | P8: =H8 -> 0
A9: 7 | B9: B41 | C9: =QSTBKT!G19 -> 0 | D9: 4 | E9: =ROUND(I9*0.5,0) -> 0 | F9: =ROUND(I9*0.25,0) -> 0 | G9: =ROUND(I9*0.15,0) -> 0 | H9: =I9-E9-F9-G9 -> 0 | I9: =ROUND(C9*D9/100,0) -> 0 | L9: =J9+K9 -> 0 | M9: =E9-J9 -> 0 | N9: =F9 -> 0 | O9: =G9 -> 0 | P9: =H9 -> 0
A10: 8 | B10: Cối 100 | C10: =QSTBKT!K19 -> 0 | D10: 10 | E10: =ROUND(I10*0.5,0) -> 0 | F10: =ROUND(I10*0.25,0) -> 0 | G10: =ROUND(I10*0.15,0) -> 0 | H10: =I10-E10-F10-G10 -> 0 | I10: =ROUND(C10*D10/100,0) -> 0 | L10: =J10+K10 -> 0 | M10: =E10-J10 -> 0 | N10: =F10 -> 0 | O10: =G10 -> 0 | P10: =H10 -> 0
A11: 9 | B11: Cối 82 | C11: =QSTBKT!J19 -> 0 | D11: 10 | E11: =ROUND(I11*0.5,0) -> 0 | F11: =ROUND(I11*0.25,0) -> 0 | G11: =ROUND(I11*0.15,0) -> 0 | H11: =I11-E11-F11-G11 -> 0 | I11: =ROUND(C11*D11/100,0) -> 0 | L11: =J11+K11 -> 0 | M11: =E11-J11 -> 0 | N11: =F11 -> 0 | O11: =G11 -> 0 | P11: =H11 -> 0
A12: 10 | B12: Cối 60 | C12: =QSTBKT!I19 -> 0 | D12: 10 | E12: =ROUND(I12*0.5,0) -> 0 | F12: =ROUND(I12*0.25,0) -> 0 | G12: =ROUND(I12*0.15,0) -> 0 | H12: =I12-E12-F12-G12 -> 0 | I12: =ROUND(C12*D12/100,0) -> 0 | L12: =J12+K12 -> 0 | M12: =E12-J12 -> 0 | N12: =F12 -> 0 | O12: =G12 -> 0 | P12: =H12 -> 0
