Workbook

Sheet QSTBKT
A3: LỰC LƯỢNG
A6: 1. Trong biên chế
A7: dBB
A8: 2. LL phối thuộc
A9: 1 cO100/e
A10: 1 cSPG-9/e
A11: 1 cSMPK 12,7mm/e
A12: 1b VTB/e
A13: 1 tổ QY/e
A14: 1 bHH/f
A15: 1 c CB(-)/e
A16: 1 tổ SC/e
... A81: Tổng

Sheet ChiLenhHCKT

Sheet PhanCapVCHC

Sheet TinhHinhVC

Sheet VCHCVTKT
A1: Quy định, phân cấp dự trữ vật chất hậu cần, vật tư kỹ thuật | AE1: Tỷ lệ TBBB
A3: Chỉ tiêu | B3: ĐVT | C3: TL ĐVT | D3: TL ĐVT (d) | E3: TL ĐVT (PT) | F3: Quy định dự trữ, tiêu thụ | L3: Hiện có | Q3: PC TQĐ | S3: Bổ sung | Z3: Kế hoạch tiếp nhận, bảo đảm
F4: Quy định dự trữ | G4: Tiêu thụ | I4: PC SCĐ | L4: Kho/d | N4: ĐV | P4: + | S4: GĐCB | W4: GĐCĐ | Y4: + | Z4: Thời gian | AA4: Địa điểm | AB4: Phương thức | AC4: Trách nhiệm vận chuyển
G5: GĐCB | H5: GĐCĐ | L5: d | M5: PT | N5: d | O5: PT | S5: Kho/d | U5: ĐV | W5: Kho/d | X5: ĐV
I6: Kho/d | J6: ĐV | K6: + | Q6: Kho/d | R6: ĐV | S6: d | T6: PT | U6: d | V6: PT
A7: I. Toàn d | F7: =F8+F14+F19+F21 -> 0 | G7: =G8+G14+G19+G21 -> 0 | H7: =H8+H14+H19+H21 -> 0 | I7: =I8+I14+I19+I21 -> 0 | J7: =J8+J14+J19+J21 -> 0 | K7: =K8+K14+K19+K21 -> 0 | L7: =L8+L14+L19+L21 -> 0 | M7: =M8+M14+M19+M21 -> 0 | ... O7: =O8+O14+O19+O21 -> 0 | P7: =L7+M7+N7+O7 -> 0 | Q7: =Q8+Q14+Q19+Q21 -> 0 | R7: =R8+R14+R19+R21 -> 0 | S7: =S8+S14+S19+S21 -> 0 | T7: =T8+T14+T19 -> 0 | U7: =U8+U14+U19+U21 -> 0 | V7: =V8+V14+V19 -> 0 | W7: =ABS(W8)+ABS(W14)+ABS(W19)+ABS(W21) -> 0 | X7: =X8+X14+X19+X21 -> 0 | Y7: =Y8+Y14+Y19+Y21 -> 0
A8: 1. Quân nhu | B8: Tấn | F8: =G8+H8+J8 -> 0 | G8: =SUMPRODUCT($C$9:$C$13,G9:G13)/1000 -> 0 | H8: =SUMPRODUCT($C$9:$C$13,H9:H13)/1000 -> 0 | I8: =SUMPRODUCT($C$9:$C$13,I9:I13)/1000 -> 0 | J8: =SUMPRODUCT($C$9:$C$13,J9:J13)/1000 -> 0 | K8: =I8+J8 -> 0 | L8: =SUMPRODUCT($D$9:$D$13,L9:L13)/1000 -> 0 | M8: =SUMPRODUCT($E$9:$E$13,M9:M13)/1000 -> 0 | N8: =SUMPRODUCT($D$9:$D$13,N9:N13)/1000 -> 0 | O8: =SUMPRODUCT($E$9:$E$13,O9:O13)/1000 -> 0 | P8: =L8+M8+N8+O8 -> 0 | Q8: =SUMPRODUCT($C$9:$C$13,Q9:Q13)/1000 -> 0 | R8: =SUMPRODUCT($C$9:$C$13,R9:R13)/1000 -> 0 | S8: =SUMPRODUCT($D$9:$D$13,S9:S13)/1000 -> 0 | T8: =SUMPRODUCT($E$9:$E$13,T9:T13)/1000 -> 0 | U8: =SUMPRODUCT($D$9:$D$13,U9:U13)/1000 -> 0 | V8: =SUMPRODUCT($E$9:$E$13,V9:V13)/1000 -> 0 | W8: =SUMPRODUCT($C$9:$C$13,W9:W13)/1000 -> 0 | X8: =SUMPRODUCT($C$9:$C$13,X9:X13)/1000 -> 0 | Y8: =F8-P8 -> 0
A9: LTTP | B9: N/a | C9: =D9+E9 -> 0 | D9: =1.2*QSTBKT!B6 -> 0 | E9: =1.2*QSTBKT!B8 -> 0 | F9: =ChiLenhHCKT!D17 -> 0 | G9: =ChiLenhHCKT!G17 -> 0 | H9: =ChiLenhHCKT!H17 -> 0 | I9: =PhanCapVCHC!G6 -> 0 | J9: =PhanCapVCHC!H6 -> 0 | K9: =ChiLenhHCKT!F17 -> 0 | L9: =TinhHinhVC!D16 -> 0 | M9: 0 | N9: =TinhHinhVC!E16 -> 0 | O9: 3 | Q9: =PhanCapVCHC!D6 -> 0 | R9: =PhanCapVCHC!E6 -> 0 | S9: =Q9-L9 -> 0 | T9: =Q9-M9 -> 0 | U9: =G9+R9-N9 -> 0 | V9: =G9+R9-O9 -> -3 | W9: =I9-Q9 -> 0 | X9: =H9+J9-R9 -> 0
A10: Lương khô | B10: N/a | C10: =D10+E10 -> 0 | D10: =0.75*QSTBKT!B6 -> 0 | E10: =0.75*QSTBKT!B8 -> 0 | F10: =ChiLenhHCKT!D18 -> 0 | G10: =ChiLenhHCKT!G18 -> 0 | H10: =ChiLenhHCKT!H18 -> 0 | I10: =PhanCapVCHC!G7 -> 0 | J10: =PhanCapVCHC!H7 -> 0 | K10: =ChiLenhHCKT!F18 -> 0 | L10: =TinhHinhVC!D17 -> 0 | M10: 0 | N10: =TinhHinhVC!E17 -> 0 | O10: 1 | Q10: =PhanCapVCHC!D7 -> 0 | R10: =PhanCapVCHC!E7 -> 0 | S10: =Q10-L10 -> 0 | T10: =Q10-M10 -> 0 | U10: =G10+R10-N10 -> 0 | V10: =G10+R10-O10 -> -1 | W10: =I10-Q10 -> 0 | X10: =H10+J10-R10 -> 0
A11: ĐSTB | B11: %QS | C11: =D11+E11 -> 0 | D11: =0.01*QSTBKT!B6*1.8/7 -> 0 | E11: =0.01*QSTBKT!B8*1.8/7 -> 0 | F11: =ChiLenhHCKT!D19 -> 0 | G11: =ChiLenhHCKT!G19 -> 0 | H11: =ChiLenhHCKT!H19 -> 0 | I11: =PhanCapVCHC!G8 -> 0 | J11: =PhanCapVCHC!H8 -> 0 | K11: =ChiLenhHCKT!F19 -> 0 | L11: =TinhHinhVC!D18 -> 0 | M11: 0 | N11: =TinhHinhVC!E18 -> 0 | O11: 0 | Q11: =PhanCapVCHC!D8 -> 0 | R11: =PhanCapVCHC!E8 -> 0 | S11: =Q11-L11 -> 0 | T11: - | U11: =G11+R11-N11 -> 0 | V11: - | W11: =I11-Q11 -> 0 | X11: =H11+J11-R11 -> 0
A12: QLCĐ | B12: %QS | C12: =D12+E12 -> 0 | D12: =0.01*QSTBKT!B6*2 -> 0 | E12: =0.01*QSTBKT!B8*2 -> 0 | F12: =ChiLenhHCKT!D20 -> 0 | G12: =ChiLenhHCKT!G20 -> 0 | H12: =ChiLenhHCKT!H20 -> 0 | I12: =PhanCapVCHC!G9 -> 0 | J12: =PhanCapVCHC!H9 -> 0 | K12: =ChiLenhHCKT!F20 -> 0 | L12: =TinhHinhVC!D19 -> 0 | M12: 0 | N12: =TinhHinhVC!E19 -> 0 | O12: 100 | Q12: =PhanCapVCHC!D9 -> 0 | R12: =PhanCapVCHC!E9 -> 0 | S12: =Q12-L12 -> 0 | T12: =Q12-M12 -> 0 | U12: =G12+R12-N12 -> 0 | V12: =G12+R12-O12 -> -100 | W12: =I12-Q12 -> 0 | X12: =H12+J12-R12 -> 0
A13: QTCĐ | B13: %QS | C13: =D13+E13 -> 0 | D13: =0.01*QSTBKT!B6*3 -> 0 | E13: =0.01*QSTBKT!B8*3 -> 0 | F13: =ChiLenhHCKT!D21 -> 0 | G13: =ChiLenhHCKT!G21 -> 0 | H13: =ChiLenhHCKT!H21 -> 0 | I13: =PhanCapVCHC!G10 -> 0 | J13: =PhanCapVCHC!H10 -> 0 | K13: =ChiLenhHCKT!F21 -> 0 | L13: =TinhHinhVC!D20 -> 0 | M13: 0 | N13: =TinhHinhVC!E20 -> 0 | O13: 100 | Q13: =PhanCapVCHC!D10 -> 0 | R13: =PhanCapVCHC!E10 -> 0 | S13: =Q13-L13 -> 0 | T13: =Q13-M13 -> 0 | U13: =G13+R13-N13 -> 0 | V13: =G13+R13-O13 -> -100 | W13: =I13-Q13 -> 0 | X13: =H13+J13-R13 -> 0
A14: 2. Quân y | B14: Tấn | F14: =G14+H14+J14 -> 0 | G14: =SUMPRODUCT($C$15:$C$18,G15:G18)/1000 -> 0 | H14: =SUMPRODUCT($C$15:$C$18,H15:H18)/1000 -> 0 | I14: =SUMPRODUCT($C$15:$C$18,I15:I18)/1000 -> 0 | J14: =SUMPRODUCT($C$15:$C$18,J15:J18)/1000 -> 0 | K14: =SUMPRODUCT($C$15:$C$18,K15:K18)/1000 -> 0 | L14: =(SUMPRODUCT($C$15:$C$17,L15:L17)+L18*$D$18)/1000 -> 0 | M14: =(SUMPRODUCT($C$15:$C$17,M15:M17)+M18*$E$18)/1000 -> 0 | N14: =(SUMPRODUCT($C$15:$C$17,N15:N17)+N18*$D$18)/1000 -> 0 | O14: =(SUMPRODUCT($C$15:$C$17,O15:O17)+O18*$E$18)/1000 -> 0 | P14: =L14+M14+N14+O14 -> 0 | Q14: =SUMPRODUCT($C$15:$C$18,Q15:Q18)/1000 -> 0 | R14: =SUMPRODUCT($C$15:$C$18,R15:R18)/1000 -> 0 | S14: =(SUMPRODUCT($C$15:$C$17,S15:S17)+S18*$D$18)/1000 -> 0 | T14: =(SUMPRODUCT($C$15:$C$17,T15:T17)+T18*$E$18)/1000 -> 0 | U14: =(SUMPRODUCT($C$15:$C$17,U15:U17)+U18*$D$18)/1000 -> 0 | V14: =(SUMPRODUCT($C$15:$C$17,V15:V17)+V18*$E$18)/1000 -> 0 | W14: =SUMPRODUCT($C$15:$C$18,W15:W18)/1000 -> 0 | X14: =SUMPRODUCT($C$15:$C$18,X15:X18)/1000 -> 0 | Y14: =F14-P14 -> 0
A15: Túi y sĩ | B15: Túi | C15: 6 | D15: 6 | E15: 6 | F15: =ChiLenhHCKT!D23 -> 0 | G15: =ChiLenhHCKT!G23 -> 0 | H15: =ChiLenhHCKT!H23 -> 0 | I15: =PhanCapVCHC!G12 -> 0 | J15: =PhanCapVCHC!H12 -> 0 | K15: =ChiLenhHCKT!F23 -> 0 | L15: =TinhHinhVC!D22 -> 0 | M15: 0 | N15: =TinhHinhVC!E22 -> 0 | O15: 0 | Q15: =PhanCapVCHC!D12 -> 0 | R15: =PhanCapVCHC!E12 -> 0 | S15: =Q15-L15 -> 0 | T15: - | U15: =G15+R15-N15 -> 0 | V15: - | W15: =I15-Q15 -> 0 | X15: =H15+J15-R15 -> 0
A16: Túi y tá | B16: Túi | C16: 4 | D16: 4 | E16: 4 | F16: =ChiLenhHCKT!D24 -> 0 | G16: =ChiLenhHCKT!G24 -> 0 | H16: =ChiLenhHCKT!H24 -> 0 | I16: =PhanCapVCHC!G13 -> 0 | J16: =PhanCapVCHC!H13 -> 0 | K16: =ChiLenhHCKT!F24 -> 0 | L16: =TinhHinhVC!D23 -> 0 | M16: 0 | N16: =TinhHinhVC!E23 -> 0 | O16: 0 | Q16: =PhanCapVCHC!D13 -> 0 | R16: =PhanCapVCHC!E13 -> 0 | S16: =Q16-L16 -> 0 | T16: - | U16: =G16+R16-N16 -> 0 | V16: - | W16: =I16-Q16 -> 0 | X16: =H16+J16-R16 -> 0
A17: Túi cứu thương | B17: Túi | C17: 2 | D17: 2 | E17: 2 | F17: =ChiLenhHCKT!D25 -> 0 | G17: =ChiLenhHCKT!G25 -> 0 | H17: =ChiLenhHCKT!H25 -> 0 | I17: =PhanCapVCHC!G14 -> 0 | J17: =PhanCapVCHC!H14 -> 0 | K17: =ChiLenhHCKT!F25 -> 0 | L17: =TinhHinhVC!D24 -> 0 | M17: 0 | N17: =TinhHinhVC!E24 -> 0 | O17: 0 | Q17: =PhanCapVCHC!D14 -> 0 | R17: =PhanCapVCHC!E14 -> 0 | S17: =Q17-L17 -> 0 | T17: - | U17: =G17+R17-N17 -> 0 | V17: - | W17: =I17-Q17 -> 0 | X17: =H17+J17-R17 -> 0
A18: BCN | B18: C/ng | C18: =D18+E18 -> 0 | D18: =0.07*QSTBKT!B6 -> 0 | E18: =0.07*QSTBKT!B8 -> 0 | F18: =ChiLenhHCKT!D26 -> 0 | G18: =ChiLenhHCKT!G26 -> 0 | H18: =ChiLenhHCKT!H26 -> 0 | I18: =PhanCapVCHC!G15 -> 0 | J18: =PhanCapVCHC!H15 -> 0 | K18: =ChiLenhHCKT!F26 -> 0 | L18: =TinhHinhVC!D25 -> 0 | M18: 0 | N18: =TinhHinhVC!E25 -> 0 | O18: 1 | Q18: =PhanCapVCHC!D15 -> 0 | R18: =PhanCapVCHC!E15 -> 0 | S18: =Q18-L18 -> 0 | T18: =Q18-M18 -> 0 | U18: =G18+R18-N18 -> 0 | V18: =G18+R18-O18 -> -1 | W18: =I18-Q18 -> 0 | X18: =H18+J18-R18 -> 0
A19: 3. Doanh trại | B19: Tấn | F19: =$C$20*F20/1000 -> 0 | G19: =$C$20*G20/1000 -> 0 | H19: =$C$20*H20/1000 -> 0 | I19: =$C$20*I20/1000 -> 0 | J19: =$C$20*J20/1000 -> 0 | K19: =$C$20*K20/1000 -> 0 | L19: =L20*$D$20/1000 -> 0 | M19: =M20*$E$20 -> 0 | N19: =N20*$D$20/1000 -> 0 | O19: =O20*$E$20/1000 -> 0 | P19: =L19+M19+N19+O19 -> 0 | Q19: =$C$20*Q20/1000 -> 0 | R19: =$C$20*R20/1000 -> 0 | S19: =S20*$D$20/1000 -> 0 | T19: =T20*$E$20/1000 -> 0 | U19: =U20*$D$20/1000 -> 0 | V19: =V20*$E$20/1000 -> 0 | W19: =$C$20*W20/1000 -> 0 | X19: =$C$20*X20/1000 -> 0 | Y19: =F19-P19 -> 0
A20: Dầu thắp | B20: ngày | C20: =D20+E20 -> 0 | D20: =QSTBKT!B6*0.5/30 -> 0 | E20: =QSTBKT!B8*0.5/30 -> 0 | F20: =ChiLenhHCKT!D28 -> 0 | G20: =ChiLenhHCKT!G28 -> 0 | H20: =ChiLenhHCKT!H28 -> 0 | I20: =PhanCapVCHC!G17 -> 0 | J20: =PhanCapVCHC!H17 -> 0 | K20: =ChiLenhHCKT!F28 -> 0 | L20: =TinhHinhVC!D27 -> 0 | M20: 0 | N20: =TinhHinhVC!E27 -> 0 | O20: 3 | Q20: =PhanCapVCHC!D17 -> 0 | R20: =PhanCapVCHC!E17 -> 0 | S20: =Q20-L20 -> 0 | T20: =Q20-M20 -> 0 | U20: =G20+R20-N20 -> 0 | V20: =G20+R20-O20 -> -3 | W20: =I20-Q20 -> 0 | X20: =H20+J20-R20 -> 0
A21: 4. VTKT | B21: Tấn | F21: =ChiLenhHCKT!D29 -> 0 | G21: =ChiLenhHCKT!G29 -> 0 | H21: =ChiLenhHCKT!H29 -> 0 | I21: =PhanCapVCHC!G18 -> 0 | J21: =PhanCapVCHC!H18 -> 0 | K21: =ChiLenhHCKT!F29 -> 0 | L21: =TinhHinhVC!D29 -> 0 | M21: 0 | N21: =TinhHinhVC!E29 -> 0 | O21: 0 | P21: =L21+M21+N21+O21 -> 0 | Q21: =PhanCapVCHC!D18 -> 0 | R21: =PhanCapVCHC!E18 -> 0 | S21: =Q21-L21 -> 0 | T21: - | U21: =G21+R21-N21 -> 0 | V21: - | W21: =I21-Q21 -> 0 | X21: =H21+J21-R21 -> 0 | Y21: =F21-P21 -> 0
A22: II. Hướng chủ yếu | F22: =F23+F29+F34+F36 -> 0 | G22: =G23+G29+G34+G36 -> 0 | H22: =H23+H29+H34+H36 -> 0 | I22: - | J22: =J23+J29+J34+J36 -> 0 | K22: =K23+K29+K34+K36 -> 0 | L22: - | M22: - | N22: =N23+N29+N34+N36 -> 0 | O22: - | P22: =P23+P29+P34+P36 -> 0 | Q22: - | R22: =R23+R29+R34+R36 -> 0 | S22: - | T22: - | U22: =U23+U29+U34+U36 -> 0 | V22: - | W22: - | X22: =X23+X29+X34+X36 -> 0 | Y22: =Y23+Y29+Y34+Y36 -> 0
A23: 1. Quân nhu | B23: Tấn | F23: =SUMPRODUCT($C$24:$C$28,F24:F28)/1000 -> 0 | G23: =SUMPRODUCT($C$24:$C$28,G24:G28)/1000 -> 0 | H23: =SUMPRODUCT($C$24:$C$28,H24:H28)/1000 -> 0 | I23: - | J23: =SUMPRODUCT($C$24:$C$28,J24:J28)/1000 -> 0 | K23: =SUMPRODUCT($C$24:$C$28,K24:K28)/1000 -> 0 | L23: - | M23: - | N23: =SUMPRODUCT($C$24:$C$28,N24:N28)/1000 -> 0 | O23: - | P23: =N23 -> 0 | Q23: - | R23: =SUMPRODUCT($C$24:$C$28,R24:R28)/1000 -> 0 | S23: - | T23: - | U23: =G23+R23-N23 -> 0 | V23: - | W23: - | X23: =H23+J23-R23 -> 0 | Y23: =F23-N23 -> 0
A24: LTTP | B24: N/a | C24: =1.2*QSTBKT!B36 -> 0 | F24: =F9 -> 0 | G24: =G9 -> 0 | H24: =H9 -> 0 | I24: - | J24: =J9 -> 0 | K24: =J24 -> 0 | L24: - | M24: - | N24: =N9 -> 0 | O24: - | Q24: - | R24: =R9 -> 0 | S24: - | T24: - | U24: =G24+R24-N24 -> 0 | V24: - | W24: - | X24: =H24+J24-R24 -> 0
A25: Lương khô | B25: N/a | C25: =0.75*QSTBKT!B36 -> 0 | F25: =F10 -> 0 | G25: =G10 -> 0 | H25: =H10 -> 0 | I25: - | J25: =J10 -> 0 | K25: =J25 -> 0 | L25: - | M25: - | N25: =N10 -> 0 | O25: - | Q25: - | R25: =R10 -> 0 | S25: - | T25: - | U25: =G25+R25-N25 -> 0 | V25: - | W25: - | X25: =H25+J25-R25 -> 0
A26: ĐSTB | B26: %QS | C26: - | F26: - | G26: - | H26: - | I26: - | J26: - | K26: - | L26: - | M26: - | N26: - | O26: - | P26: - | Q26: - | R26: - | S26: - | T26: - | U26: - | V26: - | W26: - | X26: - | Y26: -
A27: QLCĐ | B27: %QS | C27: =0.01*QSTBKT!B36*2 -> 0 | F27: =F12 -> 0 | G27: =G12 -> 0 | H27: =H12 -> 0 | I27: - | J27: =J12 -> 0 | K27: =J27 -> 0 | L27: - | M27: - | N27: =N12 -> 0 | O27: - | Q27: - | R27: =R12 -> 0 | S27: - | T27: - | U27: =G27+R27-N27 -> 0 | V27: - | W27: - | X27: =H27+J27-R27 -> 0
A28: QTCĐ | B28: %QS | C28: =0.01*QSTBKT!B36*3 -> 0 | F28: =F13 -> 0 | G28: =G13 -> 0 | H28: =H13 -> 0 | I28: - | J28: =J13 -> 0 | K28: =J28 -> 0 | L28: - | M28: - | N28: =N13 -> 0 | O28: - | Q28: - | R28: =R13 -> 0 | S28: - | T28: - | U28: =G28+R28-N28 -> 0 | V28: - | W28: - | X28: =H28+J28-R28 -> 0
A29: 2. Quân y | B29: Tấn | F29: =SUMPRODUCT($C$30:$C$33,F30:F33)/1000 -> 0 | G29: =SUMPRODUCT($C$30:$C$33,G30:G33)/1000 -> 0 | H29: =SUMPRODUCT($C$30:$C$33,H30:H33)/1000 -> 0 | I29: - | J29: =SUMPRODUCT($C$30:$C$33,J30:J33)/1000 -> 0 | K29: =J29 -> 0 | L29: - | M29: - | N29: =SUMPRODUCT($C$30:$C$33,N30:N33)/1000 -> 0 | O29: - | P29: =N29 -> 0 | Q29: - | R29: =SUMPRODUCT($C$30:$C$33,R30:R33)/1000 -> 0 | S29: - | T29: - | U29: =G29+R29-N29 -> 0 | V29: - | W29: - | X29: =H29+J29-R29 -> 0 | Y29: =F29-N29 -> 0
A30: Túi y sĩ | B30: Túi | C30: 6 | I30: - | K30: =J30 -> 0 | L30: - | M30: - | O30: - | Q30: - | S30: - | T30: - | U30: =G30+R30-N30 -> 0 | V30: - | W30: - | X30: =H30+J30-R30 -> 0
A31: Túi y tá | B31: Túi | C31: 4 | I31: - | K31: =J31 -> 0 | L31: - | M31: - | O31: - | Q31: - | S31: - | T31: - | U31: =G31+R31-N31 -> 0 | V31: - | W31: - | X31: =H31+J31-R31 -> 0
A32: Túi cứu thương | B32: Túi | C32: 2 | I32: - | K32: =J32 -> 0 | L32: - | M32: - | O32: - | Q32: - | S32: - | T32: - | U32: =G32+R32-N32 -> 0 | V32: - | W32: - | X32: =H32+J32-R32 -> 0
A33: BCN | B33: C/ng | C33: =0.07*QSTBKT!B36 -> 0 | F33: =F18 -> 0 | G33: =G18 -> 0 | H33: =H18 -> 0 | I33: - | J33: =J18 -> 0 | K33: =J33 -> 0 | L33: - | M33: - | N33: =N18 -> 0 | O33: - | Q33: - | R33: =R18 -> 0 | S33: - | T33: - | U33: =G33+R33-N33 -> 0 | V33: - | W33: - | X33: =H33+J33-R33 -> 0
A34: 3. Doanh trại | B34: Tấn | F34: =F35*$C$35/1000 -> 0 | G34: =G35*$C$35/1000 -> 0 | H34: =H35*$C$35/1000 -> 0 | I34: - | J34: =J35*$C$35/1000 -> 0 | K34: =J34 -> 0 | L34: - | M34: - | N34: =N35*$C$35/1000 -> 0 | O34: - | P34: =N34 -> 0 | Q34: - | R34: =R35*$C$35/1000 -> 0 | S34: - | T34: - | U34: =G34+R34-N34 -> 0 | V34: - | W34: - | X34: =H34+J34-R34 -> 0 | Y34: =F34-N34 -> 0
A35: Dầu thắp | B35: ngày | C35: =0.5*QSTBKT!B36/30 -> 0 | F35: =F20 -> 0 | G35: =G20 -> 0 | H35: =H20 -> 0 | I35: - | J35: =J20 -> 0 | K35: =J35 -> 0 | L35: - | M35: - | N35: =N20 -> 0 | O35: - | Q35: - | R35: =R20 -> 0 | S35: - | T35: - | U35: =G35+R35-N35 -> 0 | V35: - | W35: - | X35: =H35+J35-R35 -> 0
A36: 4. VTKT | B36: Tấn | I36: - | K36: =J36 -> 0 | L36: - | M36: - | O36: - | P36: =N36 -> 0 | Q36: - | S36: - | T36: - | U36: =G36+R36-N36 -> 0 | V36: - | W36: - | X36: =H36+J36-R36 -> 0 | Y36: =F36-N36 -> 0
A37: II. Hướng thứ yếu | F37: =F38+F44+F49+F51 -> 0 | G37: =G38+G44+G49+G51 -> 0 | H37: =H38+H44+H49+H51 -> 0 | I37: - | J37: =J38+J44+J49+J51 -> 0 | K37: =K38+K44+K49+K51 -> 0 | L37: - | M37: - | N37: =N38+N44+N49+N51 -> 0 | O37: - | P37: =P38+P44+P49+P51 -> 0 | Q37: - | R37: =R38+R44+R49+R51 -> 0 | S37: - | T37: - | U37: =U38+U44+U49+U51 -> 0 | V37: - | W37: - | X37: =X38+X44+X49+X51 -> 0 | Y37: =Y38+Y44+Y49+Y51 -> 0
A38: 1. Quân nhu | B38: Tấn | F38: =SUMPRODUCT($C$39:$C$43,F39:F43)/1000 -> 0 | G38: =SUMPRODUCT($C$39:$C$43,G39:G43)/1000 -> 0 | H38: =SUMPRODUCT($C$39:$C$43,H39:H43)/1000 -> 0 | I38: - | J38: =SUMPRODUCT($C$39:$C$43,J39:J43)/1000 -> 0 | K38: =J38 -> 0 | L38: - | M38: - | N38: =SUMPRODUCT($C$39:$C$43,N39:N43)/1000 -> 0 | O38: - | P38: =N38 -> 0 | Q38: - | R38: =SUMPRODUCT($C$39:$C$43,R39:R43)/1000 -> 0 | S38: - | T38: - | U38: =SUMPRODUCT($C$39:$C$43,U39:U43)/1000 -> 0 | V38: - | W38: - | X38: =H38+J38-R38 -> 0 | Y38: =F38-N38 -> 0
A39: LTTP | B39: N/a | C39: =1.2*QSTBKT!B51 -> 0 | F39: =F24 -> 0 | G39: =G24 -> 0 | H39: =H24 -> 0 | I39: - | J39: =J24 -> 0 | K39: =J39 -> 0 | L39: - | M39: - | N39: =N24 -> 0 | O39: - | Q39: - | R39: =R24 -> 0 | S39: - | T39: - | U39: =G39+R39-N39 -> 0 | V39: - | W39: - | X39: =H39+J39-R39 -> 0
A40: Lương khô | B40: N/a | C40: =0.75*QSTBKT!B51 -> 0 | F40: =F25 -> 0 | G40: =G25 -> 0 | H40: =H25 -> 0 | I40: - | J40: =J25 -> 0 | K40: =J40 -> 0 | L40: - | M40: - | N40: =N25 -> 0 | O40: - | Q40: - | R40: =R25 -> 0 | S40: - | T40: - | U40: =G40+R40-N40 -> 0 | V40: - | W40: - | X40: =H40+J40-R40 -> 0
A41: ĐSTB | B41: %QS | C41: - | F41: =F26 -> - | G41: =G26 -> - | H41: =H26 -> - | I41: - | J41: =J26 -> - | K41: =J41 -> - | L41: - | M41: - | N41: =N26 -> - | O41: - | Q41: - | R41: =R26 -> - | S41: - | T41: - | U41: - | V41: - | W41: - | X41: -
A42: QLCĐ | B42: %QS | C42: =0.01*2*QSTBKT!B51 -> 0 | F42: =F27 -> 0 | G42: =G27 -> 0 | H42: =H27 -> 0 | I42: - | J42: =J27 -> 0 | K42: =J42 -> 0 | L42: - | M42: - | N42: =N27 -> 0 | O42: - | Q42: - | R42: =R27 -> 0 | S42: - | T42: - | U42: =G42+R42-N42 -> 0 | V42: - | W42: - | X42: =H42+J42-R42 -> 0
A43: QTCĐ | B43: %QS | C43: =0.01*3*QSTBKT!B51 -> 0 | F43: =F28 -> 0 | G43: =G28 -> 0 | H43: =H28 -> 0 | I43: - | J43: =J28 -> 0 | K43: =J43 -> 0 | L43: - | M43: - | N43: =N28 -> 0 | O43: - | Q43: - | R43: =R28 -> 0 | S43: - | T43: - | U43: =G43+R43-N43 -> 0 | V43: - | W43: - | X43: =H43+J43-R43 -> 0
A44: 2. Quân y | B44: Tấn | F44: =SUMPRODUCT($C$45:$C$48,F45:F48)/1000 -> 0 | G44: =SUMPRODUCT($C$45:$C$48,G45:G48)/1000 -> 0 | H44: =SUMPRODUCT($C$45:$C$48,H45:H48)/1000 -> 0 | I44: - | J44: =SUMPRODUCT($C$45:$C$48,J45:J48)/1000 -> 0 | K44: =J44 -> 0 | L44: - | M44: - | N44: =SUMPRODUCT($C$45:$C$48,N45:N48)/1000 -> 0 | O44: - | Q44: - | R44: =SUMPRODUCT($C$45:$C$48,R45:R48)/1000 -> 0 | S44: - | T44: - | U44: =SUMPRODUCT($C$45:$C$48,U45:U48)/1000 -> 0 | V44: - | W44: - | X44: =H44+J44-R44 -> 0 | Y44: =F44-N44 -> 0
A45: Túi y sĩ | B45: Túi | C45: 6 | I45: - | K45: =J45 -> 0 | L45: - | M45: - | O45: - | Q45: - | S45: - | T45: - | V45: - | W45: - | X45: =H45+J45-R45 -> 0
A46: Túi y tá | B46: Túi | C46: 4 | I46: - | K46: =J46 -> 0 | L46: - | M46: - | O46: - | Q46: - | S46: - | T46: - | V46: - | W46: - | X46: =H46+J46-R46 -> 0
A47: Túi cứu thương | B47: Túi | C47: 2 | I47: - | K47: =J47 -> 0 | L47: - | M47: - | O47: - | Q47: - | S47: - | T47: - | V47: - | W47: - | X47: =H47+J47-R47 -> 0
A48: BCN | B48: C/ng | C48: =0.07*QSTBKT!B51 -> 0 | F48: =F33 -> 0 | G48: =G33 -> 0 | H48: =H33 -> 0 | I48: - | J48: =J33 -> 0 | K48: =J48 -> 0 | L48: - | M48: - | N48: =N33 -> 0 | O48: - | Q48: - | R48: =R33 -> 0 | S48: - | T48: - | U48: =U33 -> 0 | V48: - | W48: - | X48: =H48+J48-R48 -> 0
A49: 3. Doanh trại | B49: Tấn | F49: =F50*$C$50/1000 -> 0 | G49: =G50*$C$50/1000 -> 0 | H49: =H50*$C$50/1000 -> 0 | I49: - | J49: =J50*$C$50/1000 -> 0 | K49: =J49 -> 0 | L49: - | M49: - | N49: =N50*$C$50/1000 -> 0 | O49: - | P49: =N49 -> 0 | Q49: - | R49: =R50*$C$50/1000 -> 0 | S49: - | T49: - | U49: =U50*$C$50/1000 -> 0 | V49: - | W49: - | X49: =H49+J49-R49 -> 0 | Y49: =F49-N49 -> 0
A50: Dầu thắp | B50: ngày | C50: =0.5*QSTBKT!B51/30 -> 0 | F50: =F35 -> 0 | G50: =G35 -> 0 | H50: =H35 -> 0 | I50: - | J50: =J35 -> 0 | K50: =J50 -> 0 | L50: - | M50: - | N50: =N35 -> 0 | O50: - | Q50: - | R50: =R35 -> 0 | S50: - | T50: - | U50: =U35 -> 0 | V50: - | W50: - | X50: =H50+J50-R50 -> 0
A51: 4. VTKT | B51: Tấn | I51: - | K51: =J51 -> 0 | L51: - | M51: - | O51: - | P51: =N51 -> 0 | Q51: - | S51: - | T51: - | U51: =G51+R51-N51 -> 0 | V51: - | W51: - | X51: =H51+J51-R51 -> 0 | Y51: =F51-N51 -> 0
A52: II. BP PNPS | F52: =F53+F59+F64+F66 -> 0 | G52: =G53+G59+G64+G66 -> 0 | H52: =H53+H59+H64+H66 -> 0 | I52: - | J52: =J53+J59+J64+J66 -> 0 | K52: =J52 -> 0 | L52: - | M52: - | N52: =N53+N59+N64+N66 -> 0 | O52: - | P52: =N52 -> 0 | Q52: - | R52: =R53+R59+R64+R66 -> 0 | S52: - | T52: - | U52: =U53+U59+U64+U66 -> 0 | V52: - | W52: - | X52: =X53+X59+X64+X66 -> 0 | Y52: =Y53+Y59+Y64+Y66 -> 0
A53: 1. Quân nhu | B53: Tấn | F53: =SUMPRODUCT($C$54:$C$58,F54:F58)/1000 -> 0 | G53: =SUMPRODUCT($C$54:$C$58,G54:G58)/1000 -> 0 | H53: =SUMPRODUCT($C$54:$C$58,H54:H58)/1000 -> 0 | I53: - | J53: =SUMPRODUCT($C$54:$C$58,J54:J58)/1000 -> 0 | K53: =J53 -> 0 | L53: - | M53: - | N53: =SUMPRODUCT($C$54:$C$58,N54:N58)/1000 -> 0 | O53: - | P53: =N53 -> 0 | Q53: - | R53: =SUMPRODUCT($C$54:$C$58,R54:R58)/1000 -> 0 | S53: - | T53: - | U53: =SUMPRODUCT($C$54:$C$58,U54:U58)/1000 -> 0 | V53: - | W53: - | X53: =H53+J53-R53 -> 0 | Y53: =F53-N53 -> 0
A54: LTTP | B54: N/a | C54: =1.2*QSTBKT!B62 -> 0 | F54: =F39 -> 0 | G54: =G39 -> 0 | H54: =H39 -> 0 | I54: - | J54: =J39 -> 0 | K54: =J54 -> 0 | L54: - | M54: - | N54: =N39 -> 0 | O54: - | Q54: - | R54: =R39 -> 0 | S54: - | T54: - | U54: =G54+R54-N54 -> 0 | V54: - | W54: - | X54: =H54+J54-R54 -> 0
A55: Lương khô | B55: N/a | C55: =0.75*QSTBKT!B62 -> 0 | F55: =F40 -> 0 | G55: =G40 -> 0 | H55: =H40 -> 0 | I55: - | J55: =J40 -> 0 | K55: =J55 -> 0 | L55: - | M55: - | N55: =N40 -> 0 | O55: - | Q55: - | R55: =R40 -> 0 | S55: - | T55: - | U55: =G55+R55-N55 -> 0 | V55: - | W55: - | X55: =H55+J55-R55 -> 0
A56: ĐSTB | B56: %QS | C56: - | F56: =F41 -> - | G56: =G41 -> - | H56: =H41 -> - | I56: - | J56: =J41 -> - | K56: =J56 -> - | L56: - | M56: - | N56: =N41 -> - | O56: - | Q56: - | R56: =R41 -> - | S56: - | T56: - | U56: - | V56: - | W56: - | X56: - | Y56: -
A57: QLCĐ | B57: %QS | C57: =0.01*QSTBKT!B62*2 -> 0 | F57: =F42 -> 0 | G57: =G42 -> 0 | H57: =H42 -> 0 | I57: - | J57: =J42 -> 0 | K57: =J57 -> 0 | L57: - | M57: - | N57: =N42 -> 0 | O57: - | Q57: - | R57: =R42 -> 0 | S57: - | T57: - | U57: =G57+R57-N57 -> 0 | V57: - | W57: - | X57: =H57+J57-R57 -> 0
A58: QTCĐ | B58: %QS | C58: =0.01*QSTBKT!B62*3 -> 0 | F58: =F43 -> 0 | G58: =G43 -> 0 | H58: =H43 -> 0 | I58: - | J58: =J43 -> 0 | K58: =J58 -> 0 | L58: - | M58: - | N58: =N43 -> 0 | O58: - | Q58: - | R58: =R43 -> 0 | S58: - | T58: - | U58: =G58+R58-N58 -> 0 | V58: - | W58: - | X58: =H58+J58-R58 -> 0
A59: 2. Quân y | B59: Tấn | F59: =SUMPRODUCT($C$60:$C$63,F60:F63)/1000 -> 0 | G59: =SUMPRODUCT($C$60:$C$63,G60:G63)/1000 -> 0 | H59: =SUMPRODUCT($C$60:$C$63,H60:H63)/1000 -> 0 | I59: - | J59: =SUMPRODUCT($C$60:$C$63,J60:J63)/1000 -> 0 | K59: =J59 -> 0 | L59: - | M59: - | N59: =SUMPRODUCT($C$60:$C$63,N60:N63)/1000 -> 0 | O59: - | P59: =N59 -> 0 | Q59: - | R59: =SUMPRODUCT($C$60:$C$63,R60:R63)/1000 -> 0 | S59: - | T59: - | U59: =SUMPRODUCT($C$60:$C$63,U60:U63)/1000 -> 0 | V59: - | W59: - | X59: =H59+J59-R59 -> 0 | Y59: =F59-N59 -> 0
A60: Túi y sĩ | B60: Túi | C60: 6 | I60: - | K60: =J60 -> 0 | L60: - | M60: - | O60: - | Q60: - | S60: - | T60: - | V60: - | W60: - | X60: =H60+J60-R60 -> 0
A61: Túi y tá | B61: Túi | C61: 4 | I61: - | K61: =J61 -> 0 | L61: - | M61: - | O61: - | Q61: - | S61: - | T61: - | V61: - | W61: - | X61: =H61+J61-R61 -> 0
A62: Túi cứu thương | B62: Túi | C62: 2 | I62: - | K62: =J62 -> 0 | L62: - | M62: - | O62: - | Q62: - | S62: - | T62: - | V62: - | W62: - | X62: =H62+J62-R62 -> 0
A63: BCN | B63: C/ng | C63: =0.07*QSTBKT!B62 -> 0 | F63: =F48 -> 0 | G63: =G48 -> 0 | H63: =H48 -> 0 | I63: - | J63: =J48 -> 0 | K63: =J63 -> 0 | L63: - | M63: - | N63: =N48 -> 0 | O63: - | Q63: - | R63: =R48 -> 0 | S63: - | T63: - | U63: =G63+R63-N63 -> 0 | V63: - | W63: - | X63: =H63+J63-R63 -> 0
A64: 3. Doanh trại | B64: Tấn | F64: =F65*$C$65/1000 -> 0 | G64: =G65*$C$65/1000 -> 0 | H64: =H65*$C$65/1000 -> 0 | I64: - | J64: =J65*$C$65/1000 -> 0 | K64: =J64 -> 0 | L64: - | M64: - | N64: =N65*$C$65/1000 -> 0 | O64: - | P64: =N64 -> 0 | Q64: - | R64: =R65*$C$65/1000 -> 0 | S64: - | T64: - | U64: =U65*$C$65/1000 -> 0 | V64: - | W64: - | X64: =H64+J64-R64 -> 0 | Y64: =F64-N64 -> 0
A65: Dầu thắp | B65: ngày | C65: =0.5*QSTBKT!B62/30 -> 0 | F65: =F50 -> 0 | G65: =G50 -> 0 | H65: =H50 -> 0 | I65: - | J65: =J50 -> 0 | K65: =J65 -> 0 | L65: - | M65: - | N65: =N50 -> 0 | O65: - | Q65: - | R65: =R50 -> 0 | S65: - | T65: - | U65: =G65+R65-N65 -> 0 | V65: - | W65: - | X65: =H65+J65-R65 -> 0
A66: 4. VTKT | B66: Tấn | I66: - | K66: =J66 -> 0 | L66: - | M66: - | O66: - | P66: =N66 -> 0 | Q66: - | S66: - | T66: - | U66: =G66+R66-N66 -> 0 | V66: - | W66: - | X66: =H66+J66-R66 -> 0 | Y66: =F66-N66 -> 0
A67: II. LL còn lại | F67: =F68+F74+F79+F81 -> 0 | G67: =G68+G74+G79+G81 -> 0 | H67: =H68+H74+H79+H81 -> 0 | I67: - | J67: =J68+J74+J79+J81 -> 0 | K67: =K68+K74+K79+K81 -> 0 | L67: - | M67: - | N67: =N68+N74+N79+N81 -> 0 | O67: =O68+O74+O79+O81 -> 0 | P67: =P68+P74+P79+P81 -> 0 | Q67: - | R67: =R68+R74+R79+R81 -> 0 | S67: - | T67: - | U67: =U68+U74+U79+U81 -> 0 | V67: =V68+V74+V79 -> 0 | W67: - | X67: =X68+X74+X79+X81 -> 0 | Y67: =Y68+Y74+Y79+Y81 -> 0
A68: 1. Quân nhu | B68: Tấn | F68: =SUMPRODUCT($C$69:$C$73,F69:F73)/1000 -> 0 | G68: =SUMPRODUCT($C$69:$C$73,G69:G73)/1000 -> 0 | H68: =SUMPRODUCT($C$69:$C$73,H69:H73)/1000 -> 0 | I68: - | J68: =SUMPRODUCT($C$69:$C$73,J69:J73)/1000 -> 0 | K68: =SUMPRODUCT($C$69:$C$73,K69:K73)/1000 -> 0 | L68: - | M68: - | N68: =SUMPRODUCT($C$69:$C$73,N69:N73)/1000 -> 0 | O68: =SUMPRODUCT($C$69:$C$73,O69:O73)/1000 -> 0 | P68: =O68+N68 -> 0 | Q68: - | R68: =SUMPRODUCT($C$69:$C$73,R69:R73)/1000 -> 0 | S68: - | T68: - | U68: =SUMPRODUCT($E$69:$E$73,U69:U73)/1000 -> 0 | V68: =V8 -> 0 | W68: - | X68: =X8 -> 0 | Y68: =F68-N68 -> 0
A69: LTTP | B69: N/a | C69: =C9-C24-C39-C54 -> 0 | D69: =1.2*QSTBKT!B68 -> 0 | E69: =1.2*QSTBKT!B70 -> 0 | F69: =F9 -> 0 | G69: =G9 -> 0 | H69: =H9 -> 0 | I69: - | J69: =J9 -> 0 | K69: =J69 -> 0 | L69: - | M69: - | N69: =N9 -> 0 | O69: =O9 -> 3 | Q69: - | R69: =R9 -> 0 | S69: - | T69: - | U69: =U9 -> 0 | V69: =V9 -> -3 | W69: - | X69: =X9 -> 0
A70: Lương khô | B70: N/a | C70: =C10-C25-C40-C55 -> 0 | D70: =0.75*QSTBKT!B68 -> 0 | E70: =0.75*QSTBKT!B70 -> 0 | F70: =F10 -> 0 | G70: =G10 -> 0 | H70: =H10 -> 0 | I70: - | J70: =J10 -> 0 | K70: =J70 -> 0 | L70: - | M70: - | N70: =N10 -> 0 | O70: =O10 -> 1 | Q70: - | R70: =R10 -> 0 | S70: - | T70: - | U70: =U10 -> 0 | V70: =V10 -> -1 | W70: - | X70: =X10 -> 0
A71: ĐSTB | B71: %QS | C71: =C11 -> 0 | D71: =D11 -> 0 | E71: =E11 -> 0 | F71: =F11 -> 0 | G71: =G11 -> 0 | H71: =H11 -> 0 | I71: - | J71: =J11 -> 0 | K71: =J71 -> 0 | L71: - | M71: - | N71: =N11 -> 0 | O71: =O11 -> 0 | Q71: - | R71: =R11 -> 0 | S71: - | T71: - | U71: =U11 -> 0 | V71: =V11 -> - | W71: - | X71: =X11 -> 0
A72: QLCĐ | B72: %QS | C72: =C12-C27-C42-C57 -> 0 | D72: =0.01*QSTBKT!B68*2 -> 0 | E72: =0.01*QSTBKT!B70*2 -> 0 | F72: =F12 -> 0 | G72: =G12 -> 0 | H72: =H12 -> 0 | I72: - | J72: =J12 -> 0 | K72: =J72 -> 0 | L72: - | M72: - | N72: =N12 -> 0 | O72: =O12 -> 100 | Q72: - | R72: =R12 -> 0 | S72: - | T72: - | U72: =U12 -> 0 | V72: =V12 -> -100 | W72: - | X72: =X12 -> 0
A73: QTCĐ | B73: %QS | C73: =C13-C28-C43-C58 -> 0 | D73: =0.01*QSTBKT!B68*3 -> 0 | E73: =0.01*QSTBKT!B70*3 -> 0 | F73: =F13 -> 0 | G73: =G13 -> 0 | H73: =H13 -> 0 | I73: - | J73: =J13 -> 0 | K73: =J73 -> 0 | L73: - | M73: - | N73: =N13 -> 0 | O73: =O13 -> 100 | Q73: - | R73: =R13 -> 0 | S73: - | T73: - | U73: =U13 -> 0 | V73: =V13 -> -100 | W73: - | X73: =X13 -> 0
A74: 2. Quân y | B74: Tấn | F74: =SUMPRODUCT($C$75:$C$78,F75:F78)/1000 -> 0 | G74: =SUMPRODUCT($C$75:$C$78,G75:G78)/1000 -> 0 | H74: =SUMPRODUCT($C$75:$C$78,H75:H78)/1000 -> 0 | I74: - | J74: =SUMPRODUCT($C$75:$C$78,J75:J78)/1000 -> 0 | K74: =SUMPRODUCT($C$75:$C$78,K75:K78)/1000 -> 0 | L74: - | M74: - | N74: =SUMPRODUCT($C$75:$C$78,N75:N78)/1000 -> 0 | O74: =SUMPRODUCT($C$75:$C$78,O75:O78)/1000 -> 0 | P74: =O74+N74 -> 0 | Q74: - | R74: =SUMPRODUCT($C$75:$C$78,R75:R78)/1000 -> 0 | S74: - | T74: - | U74: =SUMPRODUCT($E$75:$E$78,U75:U78)/1000 -> 0 | V74: =V14 -> 0 | W74: - | X74: =X14 -> 0 | Y74: =F74-N74 -> 0
A75: Túi y sĩ | B75: Túi | C75: 6 | D75: 6 | E75: 6 | F75: =F15 -> 0 | G75: =G15 -> 0 | H75: =H15 -> 0 | I75: - | J75: =J15 -> 0 | K75: =J75 -> 0 | L75: - | M75: - | N75: =N15 -> 0 | O75: =O15 -> 0 | Q75: - | R75: =R15 -> 0 | S75: - | T75: - | U75: =U15 -> 0 | V75: =V15 -> - | W75: - | X75: =X15 -> 0
A76: Túi y tá | B76: Túi | C76: 4 | D76: 4 | E76: 4 | F76: =F16-F31-F46-F61 -> 0 | G76: =G16-G31-G46-G61 -> 0 | H76: =H16-H31-H46-H61 -> 0 | I76: - | J76: =J16-J31-J46-J61 -> 0 | K76: =J76 -> 0 | L76: - | M76: - | N76: =N16-N31-N46-N61 -> 0 | O76: =O16 -> 0 | Q76: - | R76: =R16-R31-R46-R61 -> 0 | S76: - | T76: - | U76: =U16-U31-U46-U61 -> 0 | V76: =V16 -> - | W76: - | X76: =X16 -> 0
A77: Túi cứu thương | B77: Túi | C77: 2 | D77: 2 | E77: 2 | F77: =F17-F32-F47-F62 -> 0 | G77: =G17-G32-G47-G62 -> 0 | H77: =H17-H32-H47-H62 -> 0 | I77: - | J77: =J17-J32-J47-J62 -> 0 | K77: =J77 -> 0 | L77: - | M77: - | N77: =N17-N32-N47-N62 -> 0 | O77: =O17 -> 0 | Q77: - | R77: =R17-R32-R47-R62 -> 0 | S77: - | T77: - | U77: =U17-U32-U47-U62 -> 0 | V77: =V17 -> - | W77: - | X77: =X17 -> 0
A78: BCN | B78: C/ng | C78: =C18-C33-C48-C63 -> 0 | D78: =0.07*QSTBKT!B68 -> 0 | E78: =0.07*QSTBKT!B70 -> 0 | F78: =F18 -> 0 | G78: =G18 -> 0 | H78: =H18 -> 0 | I78: - | J78: =J18 -> 0 | K78: =J78 -> 0 | L78: - | M78: - | N78: =N18 -> 0 | O78: =O18 -> 1 | Q78: - | R78: =R18 -> 0 | S78: - | T78: - | U78: =U18 -> 0 | V78: =V18 -> -1 | W78: - | X78: =X18 -> 0
A79: 3. Doanh trại | B79: Tấn | F79: =F80*$C$80/1000 -> 0 | G79: =G80*$C$80/1000 -> 0 | H79: =H80*$C$80/1000 -> 0 | I79: - | J79: =J80*$C$80/1000 -> 0 | K79: =K80*$C$80/1000 -> 0 | L79: - | M79: - | N79: =N80*$C$80/1000 -> 0 | O79: =O80*$C$80/1000 -> 0 | P79: =O79+N79 -> 0 | Q79: - | R79: =R80*$C$80/1000 -> 0 | S79: - | T79: - | U79: =U80*$E$80/1000 -> 0 | V79: =V19 -> 0 | W79: - | X79: =X19 -> 0 | Y79: =F79-N79 -> 0
A80: Dầu thắp | B80: ngày | C80: =C20-C35-C50-C65 -> 0 | D80: =0.5*QSTBKT!B68/30 -> 0 | E80: =0.5*QSTBKT!B70/30 -> 0 | F80: =F20 -> 0 | G80: =G20 -> 0 | H80: =H20 -> 0 | I80: - | J80: =J20 -> 0 | K80: =J80 -> 0 | L80: - | M80: - | N80: =N20 -> 0 | O80: =O20 -> 3 | Q80: - | R80: =R20 -> 0 | S80: - | T80: - | U80: =U20 -> 0 | V80: =V20 -> -3 | W80: - | X80: =X20 -> 0
A81: 4. VTKT | B81: Tấn | F81: =F21-F36-F51-F66 -> 0 | G81: =G21-G36-G51-G66 -> 0 | H81: =H21-H36-H51-H66 -> 0 | I81: - | J81: =J21-J36-J51-J66 -> 0 | K81: =J81 -> 0 | L81: - | M81: - | N81: =N21-N36-N51-N66 -> 0 | O81: =O21 -> 0 | P81: =O81+N81 -> 0 | Q81: - | R81: =R21-R36-R51-R66 -> 0 | S81: - | T81: - | U81: =G81+R81-N81 -> 0 | V81: =V21 -> - | W81: - | X81: =H81+J81-R81 -> 0 | Y81: =F81-P81 -> 0
